FIPS code,Income Year,PerCapita Income
01001,2023,32029.1
01003,2023,154560.83
01005,2023,10210.34
01007,2023,8711.12
01009,2023,26929.6
01011,2023,3568.91
01013,2023,9042.53
01015,2023,52087.17
01017,2023,13882.06
01019,2023,11575.16
01021,2023,21413.76
01023,2023,6047.06
01025,2023,10579.28
01027,2023,5514.91
01029,2023,6922.74
01031,2023,29809.76
01033,2023,27509.67
01035,2023,4804.72
01037,2023,4150.33
01039,2023,16350.28
01041,2023,6253.42
01043,2023,46755.23
01045,2023,22819.1
01047,2023,16497.83
01049,2023,30297.68
01051,2023,46984.53
01053,2023,15386.81
01055,2023,46522.64
01057,2023,6761.4
01059,2023,13443.24
01061,2023,11757.5
01063,2023,2922.52
01065,2023,6875.36
01067,2023,9612.03
01069,2023,59156.37
01071,2023,24232.52
01073,2023,472478.41
01075,2023,5671.24
01077,2023,45665.13
01079,2023,14879.17
01081,2023,88878.7
01083,2023,65574.81
01085,2023,5073.39
01087,2023,7563.21
01089,2023,272335.9
01091,2023,9382.29
01093,2023,13221.64
01095,2023,48969.16
01097,2023,207931.83
01099,2023,8385.17
01101,2023,121243.18
01103,2023,62103.23
01105,2023,3348.92
01107,2023,7903.54
01109,2023,16315.7
01111,2023,9593.72
01113,2023,24194.58
01115,2023,48246.77
01117,2023,166746.39
01119,2023,4827.75
01121,2023,35117.49
01123,2023,21014.62
01125,2023,105527.44
01127,2023,33325.05
01129,2023,7039.2
01131,2023,4125.38
01133,2023,10594.99
02010,2023,0.0
02013,2023,2264.22
02016,2023,3727.27
02020,2023,226523.44
02050,2023,8898.89
02060,2023,1432.7
02063,2023,5105.35
02066,2023,1571.21
02068,2023,2018.73
02070,2023,3023.35
02090,2023,66174.42
02100,2023,1887.72
02105,2023,1655.25
02110,2023,25948.85
02122,2023,37989.85
02130,2023,10502.16
02150,2023,9627.87
02158,2023,2944.99
02164,2023,997.0
02170,2023,69763.03
02180,2023,6206.6
02185,2023,9090.05
02188,2023,4228.34
02195,2023,2688.61
02198,2023,3135.91
02201,2023,0.0
02220,2023,7060.64
02230,2023,904.66
02231,2023,0.0
02232,2023,0.0
02240,2023,4452.1
02261,2023,0.0
02275,2023,1361.13
02280,2023,0.0
02282,2023,447.23
02290,2023,3568.41
02901,2023,0.0
02903,2023,0.0
02904,2023,0.0
02905,2023,0.0
02907,2023,0.0
02908,2023,0.0
02910,2023,0.0
02912,2023,0.0
02916,2023,0.0
02919,2023,0.0
02920,2023,0.0
02921,2023,0.0
02922,2023,0.0
02923,2023,0.0
02924,2023,0.0
02925,2023,0.0
02926,2023,0.0
02928,2023,0.0
02929,2023,0.0
04001,2023,31142.72
04003,2023,66437.55
04005,2023,89576.17
04007,2023,28612.77
04009,2023,16911.62
04011,2023,5374.0
04012,2023,9815.23
04013,2023,3123504.17
04015,2023,104631.98
04017,2023,48765.39
04019,2023,619101.57
04021,2023,241293.21
04023,2023,24291.77
04025,2023,139268.21
04027,2023,99022.39
05001,2023,10426.37
05003,2023,8525.71
05005,2023,20073.77
05007,2023,382901.46
05009,2023,17156.52
05011,2023,4888.98
05013,2023,2275.82
05015,2023,11962.33
05017,2023,4753.25
05019,2023,9445.03
05021,2023,6537.03
05023,2023,13067.32
05025,2023,3762.47
05027,2023,10752.15
05029,2023,10425.63
05031,2023,56569.36
05033,2023,26981.17
05035,2023,22283.02
05037,2023,7479.84
05039,2023,3024.04
05041,2023,5401.61
05043,2023,8257.38
05045,2023,66297.71
05047,2023,7501.49
05049,2023,4498.62
05051,2023,52392.94
05053,2023,9215.09
05055,2023,20431.56
05057,2023,8127.04
05059,2023,13281.8
05061,2023,5553.56
05063,2023,18132.4
05065,2023,5423.97
05067,2023,8331.23
05069,2023,27403.75
05071,2023,9288.56
05073,2023,3054.16
05075,2023,7104.28
05077,2023,3067.32
05079,2023,4200.29
05081,2023,5044.35
05083,2023,8691.22
05085,2023,39454.31
05087,2023,7585.2
05089,2023,6859.07
05091,2023,17938.51
05093,2023,18263.05
05095,2023,2963.66
05097,2023,3479.64
05099,2023,3240.22
05101,2023,2807.5
05103,2023,11150.73
05105,2023,4874.85
05107,2023,6968.22
05109,2023,4326.27
05111,2023,10470.56
05113,2023,7747.82
05115,2023,28316.09
05117,2023,3947.55
05119,2023,263410.08
05121,2023,7773.06
05123,2023,8266.03
05125,2023,71072.21
05127,2023,3840.16
05129,2023,2788.2
05131,2023,64998.11
05133,2023,6713.37
05135,2023,7814.53
05137,2023,4951.14
05139,2023,21255.75
05141,2023,6767.76
05143,2023,135474.5
05145,2023,36298.73
05147,2023,3428.81
05149,2023,8853.52
06001,2023,1730182.84
06003,2023,860.26
06005,2023,20914.04
06007,2023,117771.88
06009,2023,27205.75
06011,2023,12848.25
06013,2023,1192193.94
06015,2023,12534.32
06017,2023,162484.84
06019,2023,536330.38
06021,2023,14912.09
06023,2023,76725.25
06025,2023,85930.81
06027,2023,11902.91
06029,2023,432696.75
06031,2023,67171.29
06033,2023,32716.07
06035,2023,12622.59
06037,2023,7566594.81
06039,2023,76068.87
06041,2023,459396.19
06043,2023,11068.9
06045,2023,52617.89
06047,2023,136192.68
06049,2023,5157.32
06051,2023,9237.52
06053,2023,296952.03
06055,2023,126518.83
06057,2023,77077.51
06059,2023,2787605.87
06061,2023,361147.25
06063,2023,12407.59
06065,2023,1339685.57
06067,2023,1031437.49
06069,2023,45206.77
06071,2023,1124027.97
06073,2023,2587253.73
06075,2023,1333272.37
06077,2023,475459.01
06079,2023,204810.86
06081,2023,1255339.45
06083,2023,365079.33
06085,2023,2835225.48
06087,2023,231681.87
06089,2023,103956.99
06091,2023,1704.04
06093,2023,23620.11
06095,2023,289810.36
06097,2023,401871.89
06099,2023,292580.3
06101,2023,52794.11
06103,2023,31970.93
06105,2023,5992.66
06107,2023,231358.29
06109,2023,30483.81
06111,2023,647839.0
06113,2023,149479.86
06115,2023,43363.77
08001,2023,313891.71
08003,2023,7439.18
08005,2023,534122.91
08007,2023,8275.69
08009,2023,2029.35
08011,2023,1940.16
08013,2023,327623.09
08014,2023,69720.86
08015,2023,13710.92
08017,2023,1438.33
08019,2023,7202.23
08021,2023,3498.98
08023,2023,1481.3
08025,2023,1409.73
08027,2023,2977.13
08029,2023,15916.38
08031,2023,835030.12
08033,2023,1009.16
08035,2023,395146.03
08037,2023,69629.72
08039,2023,22172.03
08041,2023,489061.3
08043,2023,21942.57
08045,2023,44916.7
08047,2023,4112.26
08049,2023,11767.74
08051,2023,12192.48
08053,2023,540.42
08055,2023,3507.59
08057,2023,894.92
08059,2023,490859.0
08061,2023,1030.62
08063,2023,3856.06
08065,2023,3976.37
08067,2023,43183.92
08069,2023,264577.78
08071,2023,6744.94
08073,2023,2281.27
08075,2023,11368.73
08077,2023,92060.41
08079,2023,719.65
08081,2023,6942.1
08083,2023,14089.28
08085,2023,24583.06
08087,2023,15687.97
08089,2023,7983.11
08091,2023,4573.86
08093,2023,11227.86
08095,2023,2597.63
08097,2023,42571.59
08099,2023,5769.37
08101,2023,82831.59
08103,2023,4139.59
08105,2023,6732.25
08107,2023,32960.97
08109,2023,2850.49
08111,2023,448.89
08113,2023,12305.77
08115,2023,1257.7
08117,2023,31998.5
08119,2023,16635.02
08121,2023,2400.19
08123,2023,224767.57
08125,2023,5445.27
09001,2023,1339714.02
09003,2023,677751.48
09005,2023,153362.65
09007,2023,134304.32
09009,2023,592040.53
09011,2023,187304.86
09013,2023,102489.29
09015,2023,66490.69
10001,2023,99628.23
10003,2023,409598.95
10005,2023,180589.08
11001,2023,725252.98
12001,2023,159791.04
12003,2023,13274.49
12005,2023,106964.69
12007,2023,12095.34
12009,2023,387427.46
12011,2023,1393048.72
12013,2023,5164.65
12015,2023,114058.89
12017,2023,78643.25
12019,2023,131053.77
12021,2023,543904.65
12023,2023,33605.05
12027,2023,12515.66
12029,2023,6269.12
12031,2023,607928.45
12033,2023,181171.97
12035,2023,83883.19
12037,2023,5715.71
12039,2023,20680.69
12041,2023,8824.52
12043,2023,4206.15
12045,2023,7954.3
12047,2023,5033.78
12049,2023,9498.0
12051,2023,17837.77
12053,2023,104650.12
12055,2023,47540.78
12057,2023,977238.82
12059,2023,8228.51
12061,2023,179688.94
12063,2023,19921.55
12065,2023,8048.45
12067,2023,2906.96
12069,2023,235095.34
12071,2023,549797.29
12073,2023,169652.53
12075,2023,22116.88
12077,2023,2748.03
12079,2023,8277.41
12081,2023,282723.79
12083,2023,191378.31
12085,2023,187484.6
12086,2023,2020034.77
12087,2023,105221.72
12089,2023,80897.26
12091,2023,135962.68
12093,2023,17690.19
12095,2023,879427.73
12097,2023,209365.3
12099,2023,1799479.9
12101,2023,359125.15
12103,2023,691424.53
12105,2023,363581.99
12107,2023,31682.32
12109,2023,286008.94
12111,2023,204883.68
12113,2023,120648.29
12115,2023,399397.43
12117,2023,304139.83
12119,2023,107961.4
12121,2023,20489.19
12123,2023,8592.34
12125,2023,4495.86
12127,2023,329558.08
12129,2023,18998.78
12131,2023,77230.35
12133,2023,9916.66
13001,2023,8863.35
13003,2023,3038.61
13005,2023,4636.66
13007,2023,1314.07
13009,2023,19795.92
13011,2023,8686.49
13013,2023,46601.01
13015,2023,59126.12
13017,2023,7230.85
13019,2023,7759.88
13021,2023,75837.18
13023,2023,5337.57
13025,2023,6921.87
13027,2023,6641.65
13029,2023,30169.02
13031,2023,34522.9
13033,2023,10425.51
13035,2023,11968.42
13037,2023,1942.33
13039,2023,27087.37
13043,2023,4729.28
13045,2023,65834.45
13047,2023,31554.84
13049,2023,4231.57
13051,2023,180299.13
13053,2023,3293.47
13055,2023,9652.25
13057,2023,204218.54
13059,2023,57039.89
13061,2023,1116.28
13063,2023,104019.56
13065,2023,3050.4
13067,2023,583925.68
13069,2023,17471.43
13071,2023,19591.81
13073,2023,100991.0
13075,2023,7154.96
13077,2023,97270.75
13079,2023,4990.75
13081,2023,9483.51
13083,2023,7075.26
13085,2023,20181.18
13087,2023,12989.33
13089,2023,517392.3
13091,2023,7664.74
13093,2023,4757.57
13095,2023,39506.8
13097,2023,68070.15
13099,2023,4664.72
13101,2023,1271.79
13103,2023,36190.55
13105,2023,8819.07
13107,2023,9502.32
13109,2023,4520.19
13111,2023,14136.96
13113,2023,95691.5
13115,2023,46779.36
13117,2023,230443.95
13119,2023,10323.11
13121,2023,1145262.56
13123,2023,15495.24
13125,2023,1239.46
13127,2023,54073.37
13129,2023,27464.23
13131,2023,10363.33
13133,2023,17177.69
13135,2023,534362.97
13137,2023,19895.83
13139,2023,130439.33
13141,2023,3177.27
13143,2023,15021.65
13145,2023,22173.78
13147,2023,12777.08
13149,2023,5050.37
13151,2023,126226.99
13153,2023,86416.95
13155,2023,4127.97
13157,2023,52135.75
13159,2023,8191.28
13161,2023,5762.23
13163,2023,6841.84
13165,2023,3282.13
13167,2023,3177.92
13169,2023,13070.56
13171,2023,9311.99
13173,2023,3692.41
13175,2023,22875.27
13177,2023,18231.57
13179,2023,28613.63
13181,2023,3817.51
13183,2023,7982.75
13185,2023,55235.01
13187,2023,17337.43
13189,2023,9655.0
13191,2023,5857.29
13193,2023,4944.16
13195,2023,15094.45
13197,2023,2930.29
13199,2023,9833.57
13201,2023,3040.38
13205,2023,9475.28
13207,2023,17191.62
13209,2023,3314.09
13211,2023,13628.6
13213,2023,15940.65
13215,2023,103849.29
13217,2023,52801.89
13219,2023,38641.92
13221,2023,7406.66
13223,2023,91913.6
13225,2023,13268.12
13227,2023,22792.65
13229,2023,8748.43
13231,2023,10800.54
13233,2023,18498.81
13235,2023,4154.26
13237,2023,13565.95
13239,2023,906.19
13241,2023,9444.42
13243,2023,2752.42
13245,2023,93342.89
13247,2023,41819.64
13249,2023,2066.49
13251,2023,5994.94
13253,2023,4309.2
13255,2023,31295.1
13257,2023,12550.23
13259,2023,1722.5
13261,2023,13114.27
13263,2023,2804.86
13265,2023,669.26
13267,2023,8596.12
13269,2023,3262.89
13271,2023,3722.15
13273,2023,4232.23
13275,2023,26081.48
13277,2023,20111.73
13279,2023,11907.32
13281,2023,6772.33
13283,2023,2644.26
13285,2023,33714.44
13287,2023,3474.96
13289,2023,3473.98
13291,2023,12979.66
13293,2023,12305.97
13295,2023,30710.54
13297,2023,57481.06
13299,2023,14404.12
13301,2023,2165.09
13303,2023,8625.27
13305,2023,12321.46
13307,2023,1027.44
13309,2023,1741.11
13311,2023,14525.5
13313,2023,49723.45
13315,2023,2860.27
13317,2023,4899.69
13319,2023,3790.36
13321,2023,8667.38
15001,2023,109758.14
15003,2023,691527.12
15007,2023,45239.1
15901,2023,103183.29
16001,2023,380847.34
16003,2023,2241.03
16005,2023,45276.21
16007,2023,3318.41
16009,2023,4731.69
16011,2023,24582.81
16013,2023,46886.59
16015,2023,4651.5
16017,2023,29144.52
16019,2023,78861.02
16021,2023,6402.32
16023,2023,1433.01
16025,2023,748.28
16027,2023,123432.3
16029,2023,3677.84
16031,2023,14051.91
16033,2023,355.52
16035,2023,4049.31
16037,2023,2370.97
16039,2023,13748.69
16041,2023,7107.35
16043,2023,6673.75
16045,2023,10062.4
16047,2023,10186.47
16049,2023,8153.12
16051,2023,16461.76
16053,2023,11811.93
16055,2023,118208.2
16057,2023,22630.67
16059,2023,4544.72
16061,2023,2043.37
16063,2023,2523.34
16065,2023,15910.05
16067,2023,11209.04
16069,2023,24324.72
16071,2023,2432.34
16073,2023,6224.6
16075,2023,13504.4
16077,2023,3822.46
16079,2023,6373.35
16081,2023,8734.17
16083,2023,49563.79
16085,2023,8393.36
16087,2023,5042.35
17001,2023,38520.32
17003,2023,2446.91
17005,2023,7818.91
17007,2023,30815.92
17009,2023,3062.3
17011,2023,17607.25
17013,2023,2519.35
17015,2023,8134.25
17017,2023,6550.64
17019,2023,120996.14
17021,2023,17294.31
17023,2023,8107.23
17025,2023,6802.3
17027,2023,23399.81
17029,2023,25567.64
17031,2023,3964708.99
17033,2023,11122.74
17035,2023,9992.26
17037,2023,53462.63
17039,2023,9032.08
17041,2023,14069.42
17043,2023,882624.43
17045,2023,9417.95
17047,2023,3093.77
17049,2023,23011.48
17051,2023,9852.68
17053,2023,9412.18
17055,2023,17888.35
17057,2023,16541.3
17059,2023,2690.27
17061,2023,6147.47
17063,2023,33163.67
17065,2023,4351.46
17067,2023,10069.71
17069,2023,1974.75
17071,2023,3432.14
17073,2023,28413.92
17075,2023,15135.82
17077,2023,25953.39
17079,2023,5162.49
17081,2023,18101.97
17083,2023,11602.08
17085,2023,13040.55
17087,2023,5515.56
17089,2023,349787.69
17091,2023,56888.05
17093,2023,86389.13
17095,2023,24051.53
17097,2023,708018.69
17099,2023,60989.98
17101,2023,6176.41
17103,2023,18044.54
17105,2023,20343.12
17107,2023,13634.61
17109,2023,13485.39
17111,2023,217836.53
17113,2023,104265.05
17115,2023,60384.64
17117,2023,23994.23
17119,2023,157954.4
17121,2023,19685.32
17123,2023,6781.73
17125,2023,7216.23
17127,2023,6680.66
17129,2023,7128.17
17131,2023,9251.76
17133,2023,26133.68
17135,2023,12586.81
17137,2023,16990.8
17139,2023,12273.72
17141,2023,29286.43
17143,2023,110174.83
17145,2023,9750.36
17147,2023,11707.72
17149,2023,8062.11
17151,2023,1488.5
17153,2023,2325.08
17155,2023,3899.47
17157,2023,14567.61
17159,2023,8185.05
17161,2023,74184.55
17163,2023,149134.84
17165,2023,11883.88
17167,2023,117055.65
17169,2023,3600.15
17171,2023,2666.93
17173,2023,11187.47
17175,2023,3270.09
17177,2023,23597.17
17179,2023,78443.98
17181,2023,8613.65
17183,2023,36880.01
17185,2023,5891.9
17187,2023,9169.71
17189,2023,8443.49
17191,2023,8005.56
17193,2023,8260.35
17195,2023,29905.73
17197,2023,478072.59
17199,2023,37193.15
17201,2023,150441.52
17203,2023,25524.46
18001,2023,18463.6
18003,2023,239122.75
18005,2023,55075.35
18007,2023,4896.31
18009,2023,5588.37
18011,2023,73857.92
18013,2023,9688.9
18015,2023,10907.82
18017,2023,18553.22
18019,2023,71175.75
18021,2023,12523.03
18023,2023,15948.74
18025,2023,4610.87
18027,2023,19922.0
18029,2023,31103.56
18031,2023,14616.17
18033,2023,25135.34
18035,2023,53497.9
18037,2023,29892.3
18039,2023,121083.55
18041,2023,11721.81
18043,2023,53891.19
18045,2023,8917.22
18047,2023,13291.79
18049,2023,10655.81
18051,2023,19208.66
18053,2023,32933.14
18055,2023,16404.82
18057,2023,369624.58
18059,2023,56568.99
18061,2023,22964.54
18063,2023,116127.96
18065,2023,23642.56
18067,2023,42224.18
18069,2023,19291.56
18071,2023,23908.75
18073,2023,20249.67
18075,2023,10730.41
18077,2023,18156.09
18079,2023,14299.46
18081,2023,104019.28
18083,2023,20299.95
18085,2023,47816.12
18087,2023,22083.18
18089,2023,281196.22
18091,2023,59364.63
18093,2023,24535.05
18095,2023,64236.26
18097,2023,687599.82
18099,2023,24834.74
18101,2023,5256.64
18103,2023,15113.34
18105,2023,79952.35
18107,2023,20042.21
18109,2023,41318.84
18111,2023,7448.91
18113,2023,24683.36
18115,2023,3326.12
18117,2023,9294.7
18119,2023,11185.01
18121,2023,8736.45
18123,2023,8995.6
18125,2023,6115.31
18127,2023,117310.01
18129,2023,15446.91
18131,2023,7347.59
18133,2023,18290.33
18135,2023,13320.87
18137,2023,15356.18
18139,2023,9781.09
18141,2023,155238.23
18143,2023,11564.62
18145,2023,25096.18
18147,2023,11200.88
18149,2023,10283.39
18151,2023,19802.54
18153,2023,9425.16
18155,2023,4329.4
18157,2023,95325.56
18159,2023,8111.47
18161,2023,3594.4
18163,2023,106986.59
18165,2023,7481.14
18167,2023,51804.47
18169,2023,17354.28
18171,2023,4825.3
18173,2023,47008.71
18175,2023,14440.4
18177,2023,34711.81
18179,2023,15214.1
18181,2023,14015.43
18183,2023,19999.09
19001,2023,5120.11
19003,2023,2281.58
19005,2023,7793.73
19007,2023,5841.93
19009,2023,3570.38
19011,2023,18107.05
19013,2023,72449.59
19015,2023,14801.06
19017,2023,15543.58
19019,2023,12796.89
19021,2023,10976.34
19023,2023,8580.96
19025,2023,5935.13
19027,2023,13372.0
19029,2023,8120.72
19031,2023,12136.89
19033,2023,33709.61
19035,2023,11090.38
19037,2023,12431.16
19039,2023,4795.32
19041,2023,10393.92
19043,2023,11129.63
19045,2023,24667.76
19047,2023,8737.37
19049,2023,93867.03
19051,2023,5213.15
19053,2023,3400.3
19055,2023,10696.38
19057,2023,22541.88
19059,2023,14341.68
19061,2023,62728.63
19063,2023,4775.44
19065,2023,10245.23
19067,2023,9317.34
19069,2023,6243.4
19071,2023,3911.36
19073,2023,5135.1
19075,2023,8051.13
19077,2023,7338.81
19079,2023,8897.69
19081,2023,6721.03
19083,2023,12714.18
19085,2023,8763.96
19087,2023,10200.21
19089,2023,5956.73
19091,2023,5610.26
19093,2023,5197.94
19095,2023,10021.2
19097,2023,11012.36
19099,2023,19733.06
19101,2023,8949.16
19103,2023,100009.3
19105,2023,11614.4
19107,2023,5558.75
19109,2023,9150.4
19111,2023,17021.41
19113,2023,145183.92
19115,2023,5598.6
19117,2023,4367.97
19119,2023,8417.56
19121,2023,10509.19
19123,2023,12076.64
19125,2023,21714.73
19127,2023,19749.59
19129,2023,10206.25
19131,2023,11665.18
19133,2023,5106.49
19135,2023,4373.47
19137,2023,5170.42
19139,2023,24315.36
19141,2023,8939.55
19143,2023,3597.03
19145,2023,8172.27
19147,2023,5216.06
19149,2023,17228.4
19151,2023,3971.86
19153,2023,337314.27
19155,2023,54329.36
19157,2023,10451.43
19159,2023,2552.38
19161,2023,7322.29
19163,2023,116321.44
19165,2023,7638.95
19167,2023,24526.86
19169,2023,54997.99
19171,2023,9433.42
19173,2023,3240.24
19175,2023,5957.07
19177,2023,3536.89
19179,2023,16675.51
19181,2023,35608.27
19183,2023,18061.9
19185,2023,3503.28
19187,2023,19414.82
19189,2023,5619.32
19191,2023,12294.97
19193,2023,56880.07
19195,2023,4086.87
19197,2023,8657.91
20001,2023,6291.25
20003,2023,4273.1
20005,2023,7325.63
20007,2023,2428.07
20009,2023,14811.1
20011,2023,7102.81
20013,2023,5061.43
20015,2023,39633.52
20017,2023,1715.64
20019,2023,1601.03
20021,2023,10583.11
20023,2023,1694.3
20025,2023,1121.94
20027,2023,4319.67
20029,2023,4698.51
20031,2023,4813.42
20033,2023,1003.17
20035,2023,16124.33
20037,2023,18525.47
20039,2023,1787.52
20041,2023,9511.72
20043,2023,3868.24
20045,2023,68529.47
20047,2023,2038.66
20049,2023,1173.6
20051,2023,16900.37
20053,2023,3309.47
20055,2023,19839.21
20057,2023,16384.86
20059,2023,13508.91
20061,2023,18901.63
20063,2023,2560.42
20065,2023,1722.34
20067,2023,3935.65
20069,2023,4331.32
20071,2023,1230.29
20073,2023,3138.64
20075,2023,2363.79
20077,2023,3511.05
20079,2023,18325.03
20081,2023,3154.19
20083,2023,1229.16
20085,2023,7104.73
20087,2023,10637.41
20089,2023,1963.79
20091,2023,638994.85
20093,2023,2654.19
20095,2023,4194.08
20097,2023,1333.41
20099,2023,10220.3
20101,2023,1508.84
20103,2023,44896.86
20105,2023,1686.96
20107,2023,5000.12
20109,2023,1864.92
20111,2023,15934.32
20113,2023,19436.97
20115,2023,6100.22
20117,2023,5061.86
20119,2023,2958.89
20121,2023,22540.25
20123,2023,4509.84
20125,2023,14285.88
20127,2023,2988.23
20129,2023,1593.99
20131,2023,7242.37
20133,2023,7817.67
20135,2023,2041.25
20137,2023,3278.29
20139,2023,8454.9
20141,2023,2295.87
20143,2023,3239.07
20145,2023,3149.09
20147,2023,3389.75
20149,2023,17205.76
20151,2023,5480.2
20153,2023,1869.35
20155,2023,31623.86
20157,2023,2539.83
20159,2023,5105.43
20161,2023,38536.44
20163,2023,2657.99
20165,2023,1875.02
20167,2023,4025.04
20169,2023,32172.5
20171,2023,3365.01
20173,2023,324804.99
20175,2023,10079.66
20177,2023,103824.8
20179,2023,1554.27
20181,2023,3348.83
20183,2023,2436.16
20185,2023,2357.75
20187,2023,1740.93
20189,2023,2896.77
20191,2023,11451.64
20193,2023,4721.12
20195,2023,1921.71
20197,2023,4283.58
20199,2023,901.03
20201,2023,3067.2
20203,2023,1381.64
20205,2023,4390.53
20207,2023,1537.02
20209,2023,68217.22
21001,2023,8366.28
21003,2023,9023.91
21005,2023,11902.16
21007,2023,4137.5
21009,2023,20029.4
21011,2023,5208.3
21013,2023,9875.38
21015,2023,87200.78
21017,2023,12101.82
21019,2023,23470.23
21021,2023,15222.98
21023,2023,3915.78
21025,2023,5522.3
21027,2023,8888.88
21029,2023,45928.72
21031,2023,5564.71
21033,2023,5758.73
21035,2023,17517.11
21037,2023,62051.5
21039,2023,2712.12
21041,2023,5377.96
21043,2023,10771.19
21045,2023,6727.26
21047,2023,33713.91
21049,2023,19080.41
21051,2023,8035.76
21053,2023,4056.46
21055,2023,3978.7
21057,2023,3252.14
21059,2023,54259.45
21061,2023,5172.32
21063,2023,2150.94
21065,2023,5898.34
21067,2023,210551.27
21069,2023,6505.47
21071,2023,15676.13
21073,2023,27168.05
21075,2023,2764.55
21077,2023,4010.09
21079,2023,8207.62
21081,2023,12232.71
21083,2023,18690.6
21085,2023,11747.72
21087,2023,5017.35
21089,2023,17933.5
21091,2023,5720.32
21093,2023,63004.66
21095,2023,10157.78
21097,2023,8674.97
21099,2023,8827.18
21101,2023,24513.59
21103,2023,8385.63
21105,2023,2434.86
21107,2023,22086.1
21109,2023,5141.45
21111,2023,522456.74
21113,2023,33947.0
21115,2023,9109.22
21117,2023,125655.33
21119,2023,6047.23
21121,2023,11638.99
21123,2023,6717.93
21125,2023,26797.68
21127,2023,6591.64
21129,2023,2659.14
21131,2023,4130.7
21133,2023,8648.32
21135,2023,5339.81
21137,2023,10398.51
21139,2023,4372.08
21141,2023,13393.19
21143,2023,4065.71
21145,2023,43821.18
21147,2023,5973.7
21149,2023,4515.9
21151,2023,46456.57
21153,2023,4981.98
21155,2023,9288.63
21157,2023,16688.69
21159,2023,3663.38
21161,2023,8641.83
21163,2023,14978.0
21165,2023,2698.78
21167,2023,10837.06
21169,2023,4029.42
21171,2023,5085.42
21173,2023,13051.82
21175,2023,4910.44
21177,2023,13021.44
21179,2023,26998.0
21181,2023,3173.47
21183,2023,9818.12
21185,2023,57922.79
21187,2023,4663.26
21189,2023,1995.17
21191,2023,7137.04
21193,2023,12540.73
21195,2023,25899.81
21197,2023,5254.14
21199,2023,32817.47
21201,2023,948.55
21203,2023,6881.48
21205,2023,9949.53
21207,2023,10549.83
21209,2023,34175.78
21211,2023,30326.73
21213,2023,9472.91
21215,2023,12147.25
21217,2023,11310.2
21219,2023,6261.5
21221,2023,6901.05
21223,2023,4285.94
21225,2023,6988.01
21227,2023,69046.33
21229,2023,5835.45
21231,2023,7433.1
21233,2023,6554.84
21235,2023,16543.12
21237,2023,3039.61
21239,2023,17881.07
22001,2023,27366.25
22003,2023,9872.91
22005,2023,83995.77
22007,2023,12871.37
22009,2023,18550.25
22011,2023,19414.11
22013,2023,5969.61
22015,2023,73107.9
22017,2023,145754.33
22019,2023,110293.76
22021,2023,3976.23
22023,2023,3126.86
22025,2023,3957.95
22027,2023,6053.88
22029,2023,7959.45
22031,2023,15523.16
22033,2023,299244.08
22035,2023,2422.57
22037,2023,9620.61
22039,2023,13766.86
22041,2023,8129.36
22043,2023,8745.56
22045,2023,33296.75
22047,2023,16505.53
22049,2023,6600.12
22051,2023,267610.81
22053,2023,15178.86
22055,2023,165281.39
22057,2023,54793.28
22059,2023,6012.02
22061,2023,24454.01
22063,2023,78364.74
22065,2023,4125.92
22067,2023,10855.41
22069,2023,19056.53
22071,2023,245439.36
22073,2023,78497.02
22075,2023,13189.78
22077,2023,12141.68
22079,2023,70918.56
22081,2023,4357.73
22083,2023,9314.69
22085,2023,10671.57
22087,2023,19545.47
22089,2023,30462.87
22091,2023,5259.08
22093,2023,13469.21
22095,2023,18845.04
22097,2023,39820.8
22099,2023,24883.72
22101,2023,24103.39
22103,2023,215633.8
22105,2023,70240.71
22107,2023,1872.19
22109,2023,55780.83
22111,2023,10262.6
22113,2023,28246.99
22115,2023,23407.76
22117,2023,20016.64
22119,2023,19037.46
22121,2023,16138.13
22123,2023,4166.35
22125,2023,7279.98
22127,2023,6540.66
23001,2023,61126.76
23003,2023,36133.71
23005,2023,262471.7
23007,2023,15535.54
23009,2023,38540.12
23011,2023,74164.26
23013,2023,27779.85
23015,2023,24264.44
23017,2023,30051.48
23019,2023,83834.11
23021,2023,9578.16
23023,2023,25335.39
23025,2023,25900.08
23027,2023,23032.21
23029,2023,16523.98
23031,2023,154409.91
24001,2023,33085.88
24003,2023,499560.99
24005,2023,631312.04
24009,2023,72010.41
24011,2023,18962.31
24013,2023,132293.27
24015,2023,62740.55
24017,2023,114605.43
24019,2023,18760.75
24021,2023,224926.41
24023,2023,16350.22
24025,2023,188415.93
24027,2023,320979.02
24029,2023,14868.1
24031,2023,1058941.49
24033,2023,540946.75
24035,2023,43923.14
24037,2023,81103.09
24039,2023,9302.71
24041,2023,37129.37
24043,2023,87526.93
24045,2023,50928.27
24047,2023,36924.31
24510,2023,363770.22
25001,2023,214163.54
25003,2023,89970.45
25005,2023,390469.02
25007,2023,20528.48
25009,2023,680616.49
25011,2023,47691.92
25013,2023,295070.29
25015,2023,103260.82
25017,2023,1766421.24
25019,2023,17380.96
25021,2023,840848.15
25023,2023,453369.92
25025,2023,822426.06
25027,2023,600743.56
26001,2023,5327.45
26003,2023,3907.25
26005,2023,70783.59
26007,2023,14924.18
26009,2023,14496.64
26011,2023,7440.64
26013,2023,3598.29
26015,2023,37902.69
26017,2023,53893.12
26019,2023,11149.11
26021,2023,93072.85
26023,2023,20271.07
26025,2023,63945.26
26027,2023,29752.21
26029,2023,18726.99
26031,2023,13203.58
26033,2023,16859.84
26035,2023,13723.71
26037,2023,48301.51
26039,2023,5906.23
26041,2023,17536.68
26043,2023,14839.97
26045,2023,58977.18
26047,2023,25869.32
26049,2023,210878.93
26051,2023,12031.29
26053,2023,7303.93
26055,2023,65373.52
26057,2023,18829.47
26059,2023,20432.11
26061,2023,16948.68
26063,2023,18964.58
26065,2023,149604.71
26067,2023,28854.93
26069,2023,12259.78
26071,2023,5919.92
26073,2023,30783.45
26075,2023,77828.09
26077,2023,166946.28
26079,2023,8503.87
26081,2023,467326.27
26083,2023,1318.75
26085,2023,4842.76
26087,2023,47818.76
26089,2023,19781.5
26091,2023,50116.22
26093,2023,143972.24
26095,2023,2375.84
26097,2023,6321.21
26099,2023,512502.69
26101,2023,12516.82
26103,2023,33030.41
26105,2023,14642.59
26107,2023,18673.97
26109,2023,11566.56
26111,2023,53873.86
26113,2023,6987.94
26115,2023,92958.27
26117,2023,28964.47
26119,2023,4297.89
26121,2023,86947.99
26123,2023,23671.7
26125,2023,1153299.92
26127,2023,13137.39
26129,2023,8956.05
26131,2023,2930.68
26133,2023,11637.45
26135,2023,3963.9
26137,2023,13307.3
26139,2023,191928.78
26141,2023,6659.18
26143,2023,11223.81
26145,2023,94413.89
26147,2023,89264.43
26149,2023,30253.42
26151,2023,20245.82
26153,2023,3986.44
26155,2023,34313.89
26157,2023,25093.05
26159,2023,39738.36
26161,2023,283427.25
26163,2023,923334.79
26165,2023,15694.83
27001,2023,8323.95
27003,2023,234396.08
27005,2023,21296.73
27007,2023,24938.91
27009,2023,23352.89
27011,2023,3388.73
27013,2023,38514.37
27015,2023,16461.26
27017,2023,19293.5
27019,2023,103551.78
27021,2023,18201.06
27023,2023,6837.54
27025,2023,36459.1
27027,2023,35729.46
27029,2023,4713.63
27031,2023,3694.27
27033,2023,6778.1
27035,2023,38878.21
27037,2023,335663.47
27039,2023,12804.29
27041,2023,26299.77
27043,2023,7679.48
27045,2023,12233.86
27047,2023,17119.03
27049,2023,31665.06
27051,2023,3579.11
27053,2023,1203005.28
27055,2023,11807.88
27057,2023,12729.11
27059,2023,23981.86
27061,2023,24757.54
27063,2023,6063.36
27065,2023,8542.6
27067,2023,27016.91
27069,2023,2635.94
27071,2023,6476.52
27073,2023,4411.36
27075,2023,6259.83
27077,2023,2418.28
27079,2023,18640.91
27081,2023,3322.64
27083,2023,15568.4
27085,2023,22621.24
27087,2023,2541.71
27089,2023,6385.59
27091,2023,11977.53
27093,2023,13243.32
27095,2023,14688.1
27097,2023,18175.99
27099,2023,22721.69
27101,2023,5446.21
27103,2023,20724.67
27105,2023,12545.75
27107,2023,3389.8
27109,2023,118486.75
27111,2023,36059.09
27113,2023,9351.6
27115,2023,13927.52
27117,2023,6457.93
27119,2023,18300.44
27121,2023,7282.86
27123,2023,371553.11
27125,2023,2638.5
27127,2023,11763.37
27129,2023,9018.42
27131,2023,37848.58
27133,2023,5911.94
27135,2023,9425.67
27137,2023,118774.66
27139,2023,126541.1
27141,2023,60958.28
27143,2023,9075.43
27145,2023,101500.51
27147,2023,21787.14
27149,2023,5614.82
27151,2023,6739.9
27153,2023,15984.46
27155,2023,2599.89
27157,2023,13532.9
27159,2023,7066.59
27161,2023,11413.33
27163,2023,234357.1
27165,2023,6200.48
27167,2023,4702.82
27169,2023,28996.27
27171,2023,98612.23
27173,2023,6807.89
28001,2023,13215.54
28003,2023,16265.69
28005,2023,5251.2
28007,2023,7404.61
28009,2023,3353.13
28011,2023,14778.02
28013,2023,5420.07
28015,2023,4328.88
28017,2023,6738.25
28019,2023,3449.94
28021,2023,3339.61
28023,2023,7070.05
28025,2023,9394.12
28027,2023,9585.14
28029,2023,11619.71
28031,2023,8662.94
28033,2023,109126.66
28035,2023,35510.72
28037,2023,3223.49
28039,2023,10709.72
28041,2023,4673.54
28043,2023,9332.61
28045,2023,22352.5
28047,2023,102992.59
28049,2023,110335.48
28051,2023,6025.67
28053,2023,3166.06
28055,2023,452.74
28057,2023,10296.55
28059,2023,70308.02
28061,2023,7365.85
28063,2023,2906.58
28065,2023,4434.59
28067,2023,32969.44
28069,2023,3401.44
28071,2023,30865.16
28073,2023,34430.82
28075,2023,35935.04
28077,2023,5385.69
28079,2023,8729.8
28081,2023,44922.57
28083,2023,13536.95
28085,2023,16581.1
28087,2023,29312.83
28089,2023,97131.78
28091,2023,10392.58
28093,2023,15857.09
28095,2023,14961.57
28097,2023,4125.66
28099,2023,13652.63
28101,2023,8692.8
28103,2023,4449.46
28105,2023,21628.67
28107,2023,14175.33
28109,2023,27261.25
28111,2023,4603.83
28113,2023,15531.67
28115,2023,13673.22
28117,2023,9906.51
28119,2023,2452.04
28121,2023,91220.31
28123,2023,10868.06
28125,2023,1934.81
28127,2023,12251.99
28129,2023,6723.38
28131,2023,7997.88
28133,2023,9664.37
28135,2023,5254.31
28137,2023,13402.98
28139,2023,9766.48
28141,2023,8331.5
28143,2023,4479.96
28145,2023,11975.05
28147,2023,5405.08
28149,2023,22035.24
28151,2023,20259.34
28153,2023,9095.2
28155,2023,4697.07
28157,2023,3102.55
28159,2023,8024.4
28161,2023,5456.84
28163,2023,10013.7
29001,2023,10116.47
29003,2023,9879.88
29005,2023,2897.99
29007,2023,11980.76
29009,2023,15957.43
29011,2023,5473.53
29013,2023,8310.65
29015,2023,9622.32
29017,2023,5135.5
29019,2023,113976.49
29021,2023,42922.46
29023,2023,19316.32
29025,2023,4287.32
29027,2023,22657.07
29029,2023,24304.25
29031,2023,45282.79
29033,2023,5279.51
29035,2023,2675.02
29037,2023,66726.46
29039,2023,5895.7
29041,2023,4109.41
29043,2023,49918.28
29045,2023,3102.63
29047,2023,155975.44
29049,2023,11394.69
29051,2023,47509.9
29053,2023,9169.44
29055,2023,11009.99
29057,2023,3554.83
29059,2023,7525.4
29061,2023,3491.73
29063,2023,4476.62
29065,2023,6689.52
29067,2023,4793.96
29069,2023,12551.93
29071,2023,61206.21
29073,2023,7534.91
29075,2023,3308.23
29077,2023,171648.94
29079,2023,4323.7
29081,2023,3833.22
29083,2023,11952.39
29085,2023,3756.91
29087,2023,2686.3
29089,2023,5327.22
29091,2023,18187.61
29093,2023,4253.38
29095,2023,413298.7
29097,2023,59084.14
29099,2023,127627.69
29101,2023,25579.09
29103,2023,1833.31
29105,2023,17697.84
29107,2023,18017.94
29109,2023,16259.0
29111,2023,4441.33
29113,2023,34484.81
29115,2023,5778.21
29117,2023,7432.52
29119,2023,9245.85
29121,2023,8225.64
29123,2023,5768.16
29125,2023,3796.09
29127,2023,15004.32
29129,2023,1441.78
29131,2023,12048.58
29133,2023,5095.49
29135,2023,7907.77
29137,2023,4876.15
29139,2023,6280.79
29141,2023,10738.3
29143,2023,8136.48
29145,2023,29341.43
29147,2023,9175.75
29149,2023,4111.45
29151,2023,7635.81
29153,2023,3925.93
29155,2023,7276.08
29157,2023,10068.84
29159,2023,20562.28
29161,2023,21909.17
29163,2023,8081.1
29165,2023,82311.0
29167,2023,15098.67
29169,2023,25985.49
29171,2023,2223.81
29173,2023,5465.79
29175,2023,13285.44
29177,2023,11967.7
29179,2023,2615.39
29181,2023,5201.83
29183,2023,290381.78
29185,2023,3937.49
29186,2023,9488.59
29187,2023,30562.39
29189,2023,998419.85
29195,2023,11901.6
29197,2023,1826.02
29199,2023,2521.67
29201,2023,20166.99
29203,2023,3177.54
29205,2023,3143.12
29207,2023,13487.75
29209,2023,16913.97
29211,2023,2924.62
29213,2023,27741.33
29215,2023,9999.35
29217,2023,9376.53
29219,2023,20816.43
29221,2023,9490.72
29223,2023,5012.54
29225,2023,18202.0
29227,2023,906.46
29229,2023,7919.75
29510,2023,178394.88
30001,2023,5890.95
30003,2023,5050.03
30005,2023,2627.07
30007,2023,4447.42
30009,2023,7792.82
30011,2023,638.06
30013,2023,51046.63
30015,2023,3300.52
30017,2023,6661.08
30019,2023,995.69
30021,2023,4677.36
30023,2023,4943.84
30025,2023,1672.42
30027,2023,6433.07
30029,2023,78126.2
30031,2023,110296.7
30033,2023,583.45
30035,2023,6610.29
30037,2023,466.53
30039,2023,1932.97
30041,2023,9007.87
30043,2023,8335.2
30045,2023,1221.1
30047,2023,16344.52
30049,2023,46667.18
30051,2023,1404.91
30053,2023,10397.31
30055,2023,855.81
30057,2023,7170.58
30059,2023,1194.54
30061,2023,2455.93
30063,2023,83275.89
30065,2023,2752.28
30067,2023,12018.46
30069,2023,212.18
30071,2023,1925.41
30073,2023,4012.61
30075,2023,805.27
30077,2023,3808.73
30079,2023,646.95
30081,2023,30167.89
30083,2023,8090.35
30085,2023,4655.17
30087,2023,4549.54
30089,2023,6239.81
30091,2023,1930.02
30093,2023,21816.22
30095,2023,6291.38
30097,2023,2293.22
30099,2023,3905.9
30101,2023,3316.78
30103,2023,453.42
30105,2023,4488.95
30107,2023,1071.27
30109,2023,412.43
30111,2023,117811.6
31001,2023,21113.43
31003,2023,4812.98
31005,2023,288.71
31007,2023,510.58
31009,2023,341.22
31011,2023,4232.6
31013,2023,6280.91
31015,2023,1414.1
31017,2023,2048.28
31019,2023,37835.11
31021,2023,4071.94
31023,2023,6088.02
31025,2023,18474.01
31027,2023,5877.2
31029,2023,2998.85
31031,2023,3670.22
31033,2023,5075.33
31035,2023,4231.19
31037,2023,6450.28
31039,2023,7793.62
31041,2023,6964.73
31043,2023,13284.65
31045,2023,4087.96
31047,2023,13233.39
31049,2023,899.86
31051,2023,3451.15
31053,2023,24392.6
31055,2023,480885.72
31057,2023,1676.22
31059,2023,4579.72
31061,2023,1947.83
31063,2023,1706.1
31065,2023,3199.0
31067,2023,17329.07
31069,2023,1120.13
31071,2023,1061.21
31073,2023,1368.87
31075,2023,348.86
31077,2023,1682.63
31079,2023,37195.23
31081,2023,7031.92
31083,2023,2263.99
31085,2023,761.1
31087,2023,1727.93
31089,2023,7126.91
31091,2023,364.6
31093,2023,4053.46
31095,2023,4446.44
31097,2023,2496.27
31099,2023,6387.9
31101,2023,4878.72
31103,2023,533.27
31105,2023,2143.98
31107,2023,5480.65
31109,2023,216546.99
31111,2023,24346.57
31113,2023,467.03
31115,2023,451.51
31117,2023,329.53
31119,2023,23955.45
31121,2023,5026.9
31123,2023,3542.98
31125,2023,2026.41
31127,2023,4205.38
31129,2023,3270.46
31131,2023,10266.16
31133,2023,1591.17
31135,2023,2538.27
31137,2023,6400.34
31139,2023,8579.54
31141,2023,21575.13
31143,2023,3982.77
31145,2023,6347.95
31147,2023,4715.73
31149,2023,1194.74
31151,2023,8203.09
31153,2023,133173.86
31155,2023,16806.0
31157,2023,20465.14
31159,2023,12032.18
31161,2023,3466.33
31163,2023,1950.77
31165,2023,941.45
31167,2023,3909.11
31169,2023,3476.36
31171,2023,451.26
31173,2023,4425.11
31175,2023,3027.81
31177,2023,15661.32
31179,2023,5742.13
31181,2023,2211.22
31183,2023,610.9
31185,2023,9874.25
32001,2023,14626.53
32003,2023,1489965.54
32005,2023,50006.21
32007,2023,30944.8
32009,2023,441.39
32011,2023,954.52
32013,2023,9944.52
32015,2023,4450.78
32017,2023,2213.45
32019,2023,31528.62
32021,2023,2277.82
32023,2023,24865.83
32027,2023,2715.7
32029,2023,3330.25
32031,2023,405247.39
32033,2023,5389.53
32510,2023,36851.51
33001,2023,51673.88
33003,2023,41213.97
33005,2023,52134.09
33007,2023,17463.34
33009,2023,74455.19
33011,2023,325586.46
33013,2023,115519.34
33015,2023,311331.48
33017,2023,87465.22
33019,2023,29994.01
34001,2023,166484.07
34003,2023,979082.77
34005,2023,350393.91
34007,2023,342608.6
34009,2023,74707.14
34011,2023,75198.25
34013,2023,684810.76
34015,2023,203745.99
34017,2023,564253.39
34019,2023,137735.25
34021,2023,322100.29
34023,2023,650755.84
34025,2023,645866.61
34027,2023,595959.74
34029,2023,409990.38
34031,2023,308047.07
34033,2023,37320.48
34035,2023,422362.78
34037,2023,110130.78
34039,2023,472510.94
34041,2023,73963.92
35001,2023,395532.28
35003,2023,1604.58
35005,2023,33509.18
35006,2023,9411.46
35007,2023,6319.51
35009,2023,26596.74
35011,2023,1036.8
35013,2023,107452.7
35015,2023,46143.65
35017,2023,14548.71
35019,2023,1968.87
35021,2023,302.99
35023,2023,2222.28
35025,2023,42123.1
35027,2023,10910.51
35028,2023,17844.36
35029,2023,10202.1
35031,2023,24858.21
35033,2023,2349.65
35035,2023,29842.26
35037,2023,4020.97
35039,2023,18152.04
35041,2023,9615.25
35043,2023,88196.62
35045,2023,55577.15
35047,2023,12529.53
35049,2023,121204.79
35051,2023,5714.49
35053,2023,7207.14
35055,2023,17006.29
35057,2023,7395.63
35059,2023,1611.51
35061,2023,37151.74
36001,2023,248464.23
36003,2023,19981.6
36005,2023,606838.8
36007,2023,102247.45
36009,2023,36546.41
36011,2023,39956.73
36013,2023,61995.42
36015,2023,43793.2
36017,2023,25038.9
36019,2023,42969.22
36021,2023,45136.31
36023,2023,23330.97
36025,2023,22359.37
36027,2023,212137.98
36029,2023,588570.67
36031,2023,21449.28
36033,2023,24717.0
36035,2023,28091.89
36037,2023,30550.42
36039,2023,29139.91
36041,2023,3012.39
36043,2023,30947.83
36045,2023,63047.69
36047,2023,1718096.01
36049,2023,14882.93
36051,2023,32485.52
36053,2023,39273.67
36055,2023,475984.7
36057,2023,25118.05
36059,2023,1449051.84
36061,2023,3434374.42
36063,2023,117578.13
36065,2023,127602.57
36067,2023,298756.89
36069,2023,72809.15
36071,2023,246676.48
36073,2023,19064.6
36075,2023,58546.58
36077,2023,31925.74
36079,2023,82956.43
36081,2023,1357410.5
36083,2023,96914.04
36085,2023,327815.19
36087,2023,243098.45
36089,2023,50791.65
36091,2023,193375.47
36093,2023,96356.02
36095,2023,16008.08
36097,2023,9125.66
36099,2023,16188.83
36101,2023,51932.03
36103,2023,1352824.64
36105,2023,46218.93
36107,2023,26131.27
36109,2023,56085.77
36111,2023,120911.64
36113,2023,43401.77
36115,2023,30650.11
36117,2023,51871.17
36119,2023,1296322.86
36121,2023,20065.99
36123,2023,12685.53
37001,2023,92099.08
37003,2023,18124.99
37005,2023,5300.35
37007,2023,11168.24
37009,2023,13112.91
37011,2023,8825.4
37013,2023,25526.28
37015,2023,8392.03
37017,2023,14883.7
37019,2023,99344.16
37021,2023,182890.37
37023,2023,42013.86
37025,2023,138474.71
37027,2023,38190.71
37029,2023,6727.57
37031,2023,47686.6
37033,2023,9906.72
37035,2023,94875.34
37037,2023,70192.71
37039,2023,12582.57
37041,2023,7584.41
37043,2023,5592.42
37045,2023,48436.47
37047,2023,23016.32
37049,2023,59510.03
37051,2023,163352.21
37053,2023,20140.6
37055,2023,30224.56
37057,2023,89859.83
37059,2023,28241.7
37061,2023,26597.72
37063,2023,215808.04
37065,2023,23045.65
37067,2023,237640.61
37069,2023,38262.43
37071,2023,124251.62
37073,2023,5468.51
37075,2023,3574.06
37077,2023,31031.25
37079,2023,8266.57
37081,2023,325354.81
37083,2023,22180.35
37085,2023,67227.07
37087,2023,33849.26
37089,2023,70653.16
37091,2023,8966.26
37093,2023,23527.89
37095,2023,2409.1
37097,2023,133491.71
37099,2023,20773.7
37101,2023,127647.18
37103,2023,4664.91
37105,2023,35749.33
37107,2023,29344.76
37109,2023,59183.61
37111,2023,21155.34
37113,2023,20298.31
37115,2023,10552.34
37117,2023,9515.59
37119,2023,960055.34
37121,2023,7056.52
37123,2023,12533.74
37125,2023,72882.96
37127,2023,51547.68
37129,2023,154849.12
37131,2023,8275.12
37133,2023,114517.71
37135,2023,124247.16
37137,2023,7042.21
37139,2023,21125.86
37141,2023,36577.79
37143,2023,7559.52
37145,2023,19435.59
37147,2023,99740.7
37149,2023,13558.41
37151,2023,72209.98
37153,2023,20054.98
37155,2023,51112.96
37157,2023,44984.04
37159,2023,74325.91
37161,2023,28882.71
37163,2023,27819.13
37165,2023,14726.05
37167,2023,33108.23
37169,2023,22623.35
37171,2023,36618.13
37173,2023,7699.45
37175,2023,20182.96
37177,2023,1599.43
37179,2023,186063.63
37181,2023,19357.76
37183,2023,967955.9
37185,2023,7347.08
37187,2023,5223.59
37189,2023,29023.35
37191,2023,60230.66
37193,2023,32577.4
37195,2023,41559.44
37197,2023,18844.04
37199,2023,8607.15
38001,2023,1182.57
38003,2023,7951.85
38005,2023,3447.32
38007,2023,926.49
38009,2023,5218.28
38011,2023,2071.6
38013,2023,1905.25
38015,2023,75330.37
38017,2023,143707.53
38019,2023,3840.36
38021,2023,4893.41
38023,2023,1469.03
38025,2023,4168.96
38027,2023,1891.01
38029,2023,2224.67
38031,2023,2755.55
38033,2023,862.96
38035,2023,46009.5
38037,2023,1196.07
38039,2023,1937.63
38041,2023,1334.61
38043,2023,1810.99
38045,2023,3729.44
38047,2023,1346.24
38049,2023,3887.98
38051,2023,1849.1
38053,2023,12022.5
38055,2023,7159.75
38057,2023,5552.36
38059,2023,21451.42
38061,2023,7554.75
38063,2023,2498.18
38065,2023,1042.73
38067,2023,5568.45
38069,2023,2605.41
38071,2023,7733.99
38073,2023,4421.29
38075,2023,2148.22
38077,2023,11714.12
38079,2023,6668.43
38081,2023,3630.05
38083,2023,860.04
38085,2023,1375.79
38087,2023,317.49
38089,2023,23643.45
38091,2023,1744.5
38093,2023,14625.74
38095,2023,2053.96
38097,2023,5753.36
38099,2023,7236.38
38101,2023,45457.17
38103,2023,3466.27
38105,2023,29495.95
39001,2023,12666.75
39003,2023,54462.29
39005,2023,26743.27
39007,2023,48914.25
39009,2023,26347.8
39011,2023,27806.44
39013,2023,33455.1
39015,2023,21495.41
39017,2023,228719.43
39019,2023,13595.47
39021,2023,20177.99
39023,2023,68049.24
39025,2023,134811.38
39027,2023,22605.05
39029,2023,47958.43
39031,2023,16495.48
39033,2023,20087.5
39035,2023,842942.92
39037,2023,29265.49
39039,2023,19221.93
39041,2023,215709.08
39043,2023,45874.97
39045,2023,96229.88
39047,2023,14337.05
39049,2023,847007.52
39051,2023,23848.84
39053,2023,14500.32
39055,2023,82602.7
39057,2023,109667.26
39059,2023,19441.71
39061,2023,627181.78
39063,2023,46469.1
39065,2023,13045.56
39067,2023,7170.43
39069,2023,15295.57
39071,2023,20327.44
39073,2023,13250.96
39075,2023,26912.12
39077,2023,29671.69
39079,2023,14281.02
39081,2023,30954.0
39083,2023,35065.72
39085,2023,147477.93
39087,2023,28826.18
39089,2023,107557.65
39091,2023,23726.49
39093,2023,188016.49
39095,2023,242577.01
39097,2023,24265.34
39099,2023,123244.16
39101,2023,29255.33
39103,2023,129863.67
39105,2023,9765.55
39107,2023,28774.69
39109,2023,67032.38
39111,2023,5904.86
39113,2023,311226.63
39115,2023,6243.19
39117,2023,18253.43
39119,2023,45072.38
39121,2023,4793.07
39123,2023,26455.21
39125,2023,10125.45
39127,2023,17340.72
39129,2023,32304.52
39131,2023,13161.75
39133,2023,93248.65
39135,2023,21186.79
39137,2023,21829.28
39139,2023,60175.8
39141,2023,35905.12
39143,2023,30555.63
39145,2023,35569.25
39147,2023,27398.73
39149,2023,26560.42
39151,2023,212303.64
39153,2023,346072.92
39155,2023,98502.34
39157,2023,52675.62
39159,2023,51297.67
39161,2023,15310.81
39163,2023,5463.11
39165,2023,196374.74
39167,2023,32315.62
39169,2023,67763.66
39171,2023,19095.59
39173,2023,79439.77
39175,2023,12811.96
40001,2023,8376.69
40003,2023,2757.62
40005,2023,5481.42
40007,2023,3476.66
40009,2023,9369.98
40011,2023,4694.35
40013,2023,22686.73
40015,2023,12365.64
40017,2023,98464.86
40019,2023,25797.69
40021,2023,20831.22
40023,2023,6163.2
40025,2023,1772.75
40027,2023,164215.27
40029,2023,2473.74
40031,2023,62459.23
40033,2023,2959.31
40035,2023,6828.81
40037,2023,37102.06
40039,2023,13919.23
40041,2023,19271.62
40043,2023,2605.16
40045,2023,2331.6
40047,2023,31725.94
40049,2023,13160.51
40051,2023,29140.92
40053,2023,2559.07
40055,2023,2162.35
40057,2023,1444.74
40059,2023,2122.39
40061,2023,5462.51
40063,2023,6231.36
40065,2023,13328.86
40067,2023,2403.3
40069,2023,5128.81
40071,2023,21656.11
40073,2023,11383.64
40075,2023,4005.5
40077,2023,4039.04
40079,2023,21337.69
40081,2023,16101.18
40083,2023,27179.65
40085,2023,4706.55
40087,2023,27585.61
40089,2023,14136.82
40091,2023,8701.64
40093,2023,3887.63
40095,2023,7782.86
40097,2023,19056.19
40099,2023,7015.28
40101,2023,31866.01
40103,2023,5837.74
40105,2023,4636.44
40107,2023,4542.66
40109,2023,590097.41
40111,2023,16742.34
40113,2023,20896.25
40115,2023,14533.76
40117,2023,7258.99
40119,2023,39509.73
40121,2023,19681.75
40123,2023,21544.91
40125,2023,36515.53
40127,2023,4525.23
40129,2023,1817.71
40131,2023,56123.86
40133,2023,10502.05
40135,2023,17943.38
40137,2023,23623.42
40139,2023,12718.13
40141,2023,2832.6
40143,2023,536863.21
40145,2023,46126.01
40147,2023,59767.08
40149,2023,4615.06
40151,2023,4536.87
40153,2023,8883.07
41001,2023,8860.48
41003,2023,58927.72
41005,2023,339678.27
41007,2023,25043.45
41009,2023,31799.85
41011,2023,38423.24
41013,2023,15623.6
41015,2023,13373.05
41017,2023,168947.29
41019,2023,59235.02
41021,2023,1450.99
41023,2023,3966.03
41025,2023,3960.14
41027,2023,17083.56
41029,2023,138069.46
41031,2023,11736.99
41033,2023,48334.83
41035,2023,35873.97
41037,2023,4160.01
41039,2023,234938.63
41041,2023,30347.92
41043,2023,74973.75
41045,2023,12932.99
41047,2023,202740.92
41049,2023,7194.15
41051,2023,598371.23
41053,2023,49469.76
41055,2023,1297.08
41057,2023,16984.95
41059,2023,42630.71
41061,2023,13871.87
41063,2023,4571.9
41065,2023,14974.39
41067,2023,473933.33
41069,2023,711.72
41071,2023,67331.27
42001,2023,62853.15
42003,2023,924353.51
42005,2023,37710.1
42007,2023,96407.3
42009,2023,24863.53
42011,2023,266511.47
42013,2023,69495.72
42015,2023,30402.86
42017,2023,599767.67
42019,2023,144918.47
42021,2023,66552.24
42023,2023,2371.67
42025,2023,40814.73
42027,2023,91205.91
42029,2023,594949.75
42031,2023,18549.84
42033,2023,44589.77
42035,2023,18195.42
42037,2023,34481.07
42039,2023,42013.92
42041,2023,186802.74
42043,2023,175477.93
42045,2023,480800.38
42047,2023,16265.11
42049,2023,146345.73
42051,2023,63775.06
42053,2023,1973.77
42055,2023,92154.83
42057,2023,7181.87
42059,2023,18125.87
42061,2023,20432.67
42063,2023,40164.4
42065,2023,22231.84
42067,2023,14608.35
42069,2023,123158.68
42071,2023,373564.76
42073,2023,45475.48
42075,2023,84893.19
42077,2023,248934.12
42079,2023,174216.55
42081,2023,60453.83
42083,2023,20280.26
42085,2023,55480.8
42087,2023,22592.4
42089,2023,90856.82
42091,2023,878920.96
42093,2023,12610.99
42095,2023,217141.0
42097,2023,45460.85
42099,2023,25996.06
42101,2023,958683.45
42103,2023,36468.3
42105,2023,7708.24
42107,2023,74839.63
42109,2023,21634.84
42111,2023,35871.41
42113,2023,3464.17
42115,2023,23418.8
42117,2023,19431.87
42119,2023,22490.55
42121,2023,25490.57
42123,2023,19559.03
42125,2023,157866.26
42127,2023,29514.11
42129,2023,224817.92
42131,2023,14810.85
42133,2023,283036.25
44001,2023,46504.95
44003,2023,123326.25
44005,2023,75043.58
44007,2023,386936.31
44009,2023,108646.52
45001,2023,10532.54
45003,2023,95443.03
45005,2023,3454.23
45007,2023,107150.88
45009,2023,5781.67
45011,2023,8452.34
45013,2023,159564.49
45015,2023,140703.65
45017,2023,7368.92
45019,2023,353473.48
45021,2023,23760.91
45023,2023,14475.33
45025,2023,17786.57
45027,2023,15023.5
45029,2023,18044.54
45031,2023,31065.65
45033,2023,11172.99
45035,2023,87558.05
45037,2023,14062.33
45039,2023,10778.82
45041,2023,75389.71
45043,2023,40703.57
45045,2023,339655.15
45047,2023,32057.75
45049,2023,8104.69
45051,2023,202843.96
45053,2023,16331.7
45055,2023,39845.96
45057,2023,63766.56
45059,2023,30201.3
45061,2023,7093.66
45063,2023,187826.96
45065,2023,4889.25
45067,2023,12307.99
45069,2023,9969.79
45071,2023,19361.9
45073,2023,46589.21
45075,2023,36669.98
45077,2023,66790.39
45079,2023,243010.07
45081,2023,8781.82
45083,2023,191548.28
45085,2023,51773.96
45087,2023,10735.22
45089,2023,12114.17
45091,2023,186761.41
46003,2023,1749.76
46005,2023,12180.28
46007,2023,1652.68
46009,2023,3902.71
46011,2023,22454.41
46013,2023,28476.96
46015,2023,3933.06
46017,2023,682.74
46019,2023,5591.22
46021,2023,998.33
46023,2023,5299.57
46025,2023,3656.77
46027,2023,7624.75
46029,2023,19633.2
46031,2023,1491.14
46033,2023,6240.5
46035,2023,13516.8
46037,2023,4033.4
46039,2023,3272.48
46041,2023,2912.06
46043,2023,2183.38
46045,2023,3802.67
46047,2023,4424.15
46049,2023,1988.57
46051,2023,5659.67
46053,2023,2572.88
46055,2023,1556.4
46057,2023,4500.01
46059,2023,2746.89
46061,2023,2861.48
46063,2023,613.8
46065,2023,11923.66
46067,2023,5572.83
46069,2023,911.35
46071,2023,1266.47
46073,2023,1392.13
46075,2023,584.76
46077,2023,4274.67
46079,2023,9899.27
46081,2023,21141.35
46083,2023,64880.85
46085,2023,2128.7
46087,2023,4258.72
46089,2023,1826.13
46091,2023,3447.87
46093,2023,17840.21
46095,2023,916.61
46097,2023,1876.98
46099,2023,154933.92
46101,2023,4600.58
46102,2023,4866.01
46103,2023,85171.66
46105,2023,1506.24
46107,2023,1883.56
46109,2023,5809.0
46111,2023,1755.11
46115,2023,6011.54
46117,2023,2428.0
46119,2023,1464.58
46121,2023,3478.33
46123,2023,3776.8
46125,2023,7074.98
46127,2023,24044.36
46129,2023,3457.44
46135,2023,16696.06
46137,2023,881.64
47001,2023,45139.75
47003,2023,25386.73
47005,2023,7058.34
47007,2023,5427.29
47009,2023,82676.48
47011,2023,55804.59
47013,2023,17977.28
47015,2023,7340.56
47017,2023,12750.99
47019,2023,24424.07
47021,2023,25312.99
47023,2023,7666.05
47025,2023,14487.48
47027,2023,3041.15
47029,2023,15854.39
47031,2023,30415.54
47033,2023,7005.83
47035,2023,31143.94
47037,2023,658882.59
47039,2023,6061.74
47041,2023,10812.07
47043,2023,31193.0
47045,2023,19646.09
47047,2023,36103.13
47049,2023,8489.38
47051,2023,22278.36
47053,2023,25285.67
47055,2023,14607.12
47057,2023,11273.7
47059,2023,32619.71
47061,2023,5645.19
47063,2023,33170.12
47065,2023,248907.3
47067,2023,2311.01
47069,2023,9451.13
47071,2023,12940.6
47073,2023,25896.33
47075,2023,7000.03
47077,2023,13584.6
47079,2023,18216.84
47081,2023,11698.55
47083,2023,3450.49
47085,2023,9098.12
47087,2023,4961.48
47089,2023,27868.48
47091,2023,7413.48
47093,2023,337063.9
47095,2023,2066.23
47097,2023,10138.76
47099,2023,19954.92
47101,2023,5821.44
47103,2023,18528.9
47105,2023,42451.59
47107,2023,25405.18
47109,2023,10487.36
47111,2023,11127.17
47113,2023,55088.6
47115,2023,15158.08
47117,2023,18685.75
47119,2023,63344.41
47121,2023,5615.7
47123,2023,21551.33
47125,2023,125880.82
47127,2023,3442.64
47129,2023,8680.38
47131,2023,15796.86
47133,2023,9797.4
47135,2023,3293.95
47137,2023,2181.69
47139,2023,7667.42
47141,2023,42870.88
47143,2023,15518.7
47145,2023,29928.76
47147,2023,43366.27
47149,2023,200523.21
47151,2023,8718.88
47153,2023,8280.85
47155,2023,57196.73
47157,2023,564034.32
47159,2023,10348.79
47161,2023,7179.65
47163,2023,88287.39
47165,2023,141154.83
47167,2023,32761.84
47169,2023,4910.2
47171,2023,8095.46
47173,2023,9003.05
47175,2023,2391.25
47177,2023,18920.52
47179,2023,77469.16
47181,2023,6226.88
47183,2023,15698.6
47185,2023,12299.25
47187,2023,340121.3
47189,2023,112403.06
48001,2023,26834.32
48003,2023,10736.61
48005,2023,44602.89
48007,2023,17346.02
48009,2023,6101.21
48011,2023,1307.26
48013,2023,25056.9
48015,2023,20729.9
48017,2023,3817.01
48019,2023,14051.53
48021,2023,52432.15
48023,2023,2180.44
48025,2023,11462.52
48027,2023,204059.74
48029,2023,1191980.13
48031,2023,10183.26
48033,2023,890.43
48035,2023,10851.17
48037,2023,46881.58
48039,2023,239713.26
48041,2023,122927.83
48043,2023,5562.7
48045,2023,909.01
48047,2023,3099.2
48049,2023,19286.92
48051,2023,11915.04
48053,2023,36234.57
48055,2023,22038.52
48057,2023,11783.47
48059,2023,7818.64
48061,2023,164382.94
48063,2023,6555.39
48065,2023,3620.54
48067,2023,14080.25
48069,2023,7839.81
48071,2023,35507.94
48073,2023,24135.12
48075,2023,3006.07
48077,2023,6130.83
48079,2023,1250.86
48081,2023,1889.75
48083,2023,4868.69
48085,2023,1038292.92
48087,2023,1505.56
48089,2023,13532.65
48091,2023,149758.06
48093,2023,7786.04
48095,2023,1357.53
48097,2023,27199.86
48099,2023,33494.43
48101,2023,1383.09
48103,2023,2635.35
48105,2023,1966.27
48107,2023,2708.55
48109,2023,2117.17
48111,2023,5979.1
48113,2023,2075337.72
48115,2023,6596.51
48117,2023,13860.93
48119,2023,2730.57
48121,2023,783319.83
48123,2023,15442.84
48125,2023,963.31
48127,2023,4600.28
48129,2023,1700.36
48131,2023,5058.36
48133,2023,10145.08
48135,2023,96987.07
48137,2023,1149.19
48139,2023,129190.6
48141,2023,406692.4
48143,2023,23692.75
48145,2023,8143.44
48147,2023,18552.54
48149,2023,18399.95
48151,2023,2263.85
48153,2023,2638.12
48155,2023,705.51
48157,2023,677082.44
48159,2023,6117.6
48161,2023,9627.12
48163,2023,7423.18
48165,2023,12720.61
48167,2023,233593.44
48169,2023,2239.77
48171,2023,25877.64
48173,2023,1506.68
48175,2023,4463.87
48177,2023,12865.38
48179,2023,11191.63
48181,2023,82188.36
48183,2023,75742.18
48185,2023,14406.62
48187,2023,110516.21
48189,2023,14325.21
48191,2023,1403.77
48193,2023,6083.31
48195,2023,5264.59
48197,2023,2107.69
48199,2023,32873.38
48201,2023,3571306.69
48203,2023,35638.42
48205,2023,5505.83
48207,2023,2883.0
48209,2023,181394.44
48211,2023,2893.18
48213,2023,45057.73
48215,2023,308835.04
48217,2023,19833.16
48219,2023,11448.55
48221,2023,45083.86
48223,2023,21032.06
48225,2023,11839.88
48227,2023,20394.96
48229,2023,1430.03
48231,2023,56998.33
48233,2023,10536.63
48235,2023,1329.92
48237,2023,4668.14
48239,2023,8326.22
48241,2023,17394.97
48243,2023,1245.23
48245,2023,126077.5
48247,2023,2090.68
48249,2023,19894.65
48251,2023,112586.24
48253,2023,8503.46
48255,2023,12531.39
48257,2023,99980.18
48259,2023,55649.55
48261,2023,157.1
48263,2023,526.39
48265,2023,37222.08
48267,2023,2627.34
48269,2023,303.42
48271,2023,1405.34
48273,2023,14833.79
48275,2023,1743.4
48277,2023,26553.32
48279,2023,8029.38
48281,2023,14577.03
48283,2023,3284.63
48285,2023,14742.09
48287,2023,10860.53
48289,2023,10357.91
48291,2023,47838.82
48293,2023,11613.59
48295,2023,4118.14
48297,2023,5847.98
48299,2023,16497.71
48301,2023,96.07
48303,2023,174312.06
48305,2023,3791.55
48307,2023,3996.5
48309,2023,144877.64
48311,2023,667.96
48313,2023,6256.28
48315,2023,5031.45
48317,2023,5601.72
48319,2023,2494.22
48321,2023,19302.98
48323,2023,23687.48
48325,2023,28962.64
48327,2023,1033.64
48329,2023,255977.39
48331,2023,13296.18
48333,2023,2661.56
48335,2023,3679.11
48337,2023,10853.25
48339,2023,559438.11
48341,2023,13135.23
48343,2023,6097.92
48345,2023,562.89
48347,2023,33040.99
48349,2023,26087.88
48351,2023,5401.37
48353,2023,8057.16
48355,2023,200216.81
48357,2023,6996.54
48359,2023,1591.65
48361,2023,44559.67
48363,2023,16359.24
48365,2023,13801.99
48367,2023,128400.49
48369,2023,7405.7
48371,2023,7266.25
48373,2023,27063.12
48375,2023,67564.93
48377,2023,3791.07
48379,2023,5786.38
48381,2023,89848.99
48383,2023,2257.98
48385,2023,1757.38
48387,2023,6469.96
48389,2023,9010.57
48391,2023,3851.09
48393,2023,544.0
48395,2023,10119.96
48397,2023,101508.85
48399,2023,5497.15
48401,2023,25112.86
48403,2023,4780.44
48405,2023,4609.89
48407,2023,13608.58
48409,2023,37753.08
48411,2023,2819.32
48413,2023,1480.13
48415,2023,8764.98
48417,2023,2941.9
48419,2023,15523.72
48421,2023,4657.91
48423,2023,164013.09
48425,2023,6228.28
48427,2023,21616.51
48429,2023,4597.33
48431,2023,1004.11
48433,2023,1164.95
48435,2023,2436.54
48437,2023,5914.32
48439,2023,1435610.87
48441,2023,85430.01
48443,2023,458.37
48445,2023,5752.91
48447,2023,817.75
48449,2023,16418.12
48451,2023,77760.44
48453,2023,1226649.22
48455,2023,6999.53
48457,2023,9103.1
48459,2023,20192.26
48461,2023,2763.1
48463,2023,13780.79
48465,2023,23913.64
48467,2023,30975.46
48469,2023,54001.18
48471,2023,29185.83
48473,2023,35248.23
48475,2023,7418.13
48477,2023,27340.81
48479,2023,115080.31
48481,2023,23332.86
48483,2023,2597.4
48485,2023,71960.55
48487,2023,8404.09
48489,2023,7179.67
48491,2023,507750.11
48493,2023,32281.36
48495,2023,5621.4
48497,2023,46148.96
48499,2023,24326.58
48501,2023,4557.6
48503,2023,12630.73
48505,2023,4691.36
48507,2023,4407.65
49001,2023,2891.93
49003,2023,31962.86
49005,2023,72055.35
49007,2023,10167.54
49009,2023,523.66
49011,2023,233063.05
49013,2023,10515.43
49015,2023,4292.66
49017,2023,2865.85
49019,2023,7476.3
49021,2023,27161.94
49023,2023,6863.23
49025,2023,4490.04
49027,2023,6694.73
49029,2023,9311.86
49031,2023,946.67
49033,2023,1394.78
49035,2023,851263.42
49037,2023,5564.19
49039,2023,13236.21
49041,2023,10319.02
49043,2023,111170.28
49045,2023,41250.11
49047,2023,15709.86
49049,2023,414379.22
49051,2023,34304.09
49053,2023,110143.15
49055,2023,1476.79
49057,2023,151822.06
50001,2023,24289.78
50003,2023,24406.1
50005,2023,16419.06
50007,2023,129181.15
50009,2023,2881.89
50011,2023,29218.58
50013,2023,5565.29
50015,2023,17752.43
50017,2023,17736.65
50019,2023,15214.49
50021,2023,37188.32
50023,2023,44265.62
50025,2023,27304.11
50027,2023,41935.41
51001,2023,17431.61
51007,2023,7358.29
51009,2023,14877.06
51011,2023,8073.26
51013,2023,291168.41
51017,2023,3127.17
51019,2023,47184.35
51021,2023,2891.51
51023,2023,21844.01
51025,2023,7196.19
51027,2023,9416.63
51029,2023,6761.08
51033,2023,17723.22
51036,2023,4074.88
51037,2023,5406.9
51041,2023,256429.95
51043,2023,12832.76
51045,2023,2457.06
51047,2023,33054.89
51049,2023,4747.66
51051,2023,6059.28
51057,2023,5919.94
51061,2023,65307.79
51063,2023,8311.16
51065,2023,16343.51
51067,2023,31007.35
51071,2023,8738.72
51073,2023,24520.61
51075,2023,34249.75
51077,2023,6233.76
51079,2023,11877.34
51083,2023,16034.02
51085,2023,87899.64
51087,2023,260385.59
51091,2023,1191.12
51093,2023,28131.47
51097,2023,3987.59
51099,2023,18734.68
51101,2023,10902.28
51103,2023,8912.07
51105,2023,9094.23
51107,2023,446071.46
51109,2023,21731.88
51111,2023,5005.13
51113,2023,8513.33
51115,2023,6167.49
51117,2023,15209.16
51119,2023,7231.65
51125,2023,9997.87
51127,2023,32439.78
51131,2023,7911.45
51133,2023,8041.68
51135,2023,7276.46
51137,2023,24257.67
51139,2023,11685.63
51141,2023,7521.21
51145,2023,23117.6
51147,2023,9334.11
51155,2023,17445.3
51157,2023,6652.37
51159,2023,4048.4
51167,2023,11003.34
51169,2023,9312.17
51171,2023,25622.24
51173,2023,14095.03
51179,2023,112653.79
51181,2023,3650.2
51183,2023,4222.46
51185,2023,18839.04
51187,2023,24822.78
51193,2023,10162.74
51197,2023,13305.32
51510,2023,178738.2
51550,2023,159277.72
51650,2023,71790.15
51700,2023,92958.69
51710,2023,118777.4
51740,2023,47413.96
51760,2023,176318.07
51770,2023,54488.37
51800,2023,66565.72
51810,2023,327041.61
51901,2023,165458.14
51903,2023,9898.55
51907,2023,71221.93
51911,2023,65448.42
51913,2023,17140.74
51918,2023,39720.92
51919,2023,1286343.9
51921,2023,80493.87
51923,2023,7005.78
51929,2023,31741.8
51931,2023,80535.79
51933,2023,57511.9
51939,2023,49455.44
51941,2023,27922.5
51942,2023,374014.66
51944,2023,78226.1
51945,2023,18831.39
51947,2023,70990.69
51949,2023,13949.22
51951,2023,117088.52
51953,2023,35901.45
51955,2023,17063.65
51958,2023,61203.52
53001,2023,10923.51
53003,2023,12897.69
53005,2023,122608.59
53007,2023,54682.68
53009,2023,46818.81
53011,2023,361251.8
53013,2023,2515.68
53015,2023,65401.83
53017,2023,23261.72
53019,2023,3563.62
53021,2023,47564.76
53023,2023,1356.49
53025,2023,51058.97
53027,2023,38620.33
53029,2023,60468.28
53031,2023,23079.45
53033,2023,2776422.67
53035,2023,205026.25
53037,2023,27328.75
53039,2023,13475.55
53041,2023,51485.12
53043,2023,6057.61
53045,2023,37409.38
53047,2023,22925.25
53049,2023,12168.3
53051,2023,7554.65
53053,2023,605402.83
53055,2023,17339.72
53057,2023,88276.91
53059,2023,8478.03
53061,2023,636271.96
53063,2023,323317.11
53065,2023,24166.41
53067,2023,197017.95
53069,2023,2579.45
53071,2023,34736.64
53073,2023,144009.63
53075,2023,23296.21
53077,2023,132139.25
54001,2023,6540.26
54003,2023,72761.9
54005,2023,8929.67
54007,2023,5171.31
54009,2023,11397.15
54011,2023,49917.01
54013,2023,2656.51
54015,2023,3196.44
54017,2023,3139.19
54019,2023,18446.53
54021,2023,2825.23
54023,2023,5230.07
54025,2023,16120.13
54027,2023,10977.13
54029,2023,15157.28
54031,2023,6190.45
54033,2023,40949.21
54035,2023,13514.54
54037,2023,39766.52
54039,2023,107329.68
54041,2023,7754.08
54043,2023,7636.39
54045,2023,14446.01
54047,2023,6245.37
54049,2023,28969.89
54051,2023,15222.02
54053,2023,11004.25
54055,2023,27917.38
54057,2023,13294.99
54059,2023,8623.63
54061,2023,62926.76
54063,2023,5301.08
54065,2023,8083.45
54067,2023,10706.61
54069,2023,27832.83
54071,2023,3167.18
54073,2023,4004.51
54075,2023,4153.25
54077,2023,15089.43
54079,2023,33097.82
54081,2023,37466.25
54083,2023,13311.03
54085,2023,4689.9
54087,2023,5725.29
54089,2023,5343.06
54091,2023,8619.59
54093,2023,3805.34
54095,2023,4915.22
54097,2023,10677.95
54099,2023,16643.25
54101,2023,2771.09
54103,2023,6664.99
54105,2023,2237.95
54107,2023,48976.74
54109,2023,7508.19
55001,2023,9919.87
55003,2023,7934.99
55005,2023,28363.72
55007,2023,9323.17
55009,2023,176961.22
55011,2023,7677.03
55013,2023,8856.25
55015,2023,32904.35
55017,2023,38049.19
55019,2023,17601.62
55021,2023,39019.42
55023,2023,8282.33
55025,2023,448745.97
55027,2023,49282.53
55029,2023,23860.77
55031,2023,23297.78
55033,2023,23250.37
55035,2023,65362.54
55037,2023,3109.89
55039,2023,62387.42
55041,2023,4603.48
55043,2023,27648.3
55045,2023,24220.91
55047,2023,10266.52
55049,2023,14754.65
55051,2023,3500.55
55053,2023,10894.12
55055,2023,50051.83
55057,2023,13142.36
55059,2023,101495.22
55061,2023,12084.24
55063,2023,75106.12
55065,2023,9320.73
55067,2023,10433.58
55069,2023,15991.0
55071,2023,46834.28
55073,2023,86919.78
55075,2023,22670.26
55077,2023,8088.17
55078,2023,1777.88
55079,2023,550770.22
55081,2023,24449.66
55083,2023,21949.07
55085,2023,23259.09
55087,2023,125345.82
55089,2023,97927.65
55091,2023,4770.03
55093,2023,26289.15
55095,2023,26263.42
55097,2023,40831.85
55099,2023,7806.23
55101,2023,123021.33
55103,2023,9242.24
55105,2023,92519.0
55107,2023,7896.94
55109,2023,68076.36
55111,2023,43577.87
55113,2023,10118.63
55115,2023,21366.02
55117,2023,75217.44
55119,2023,10196.37
55121,2023,16295.18
55123,2023,16215.52
55125,2023,15639.18
55127,2023,71604.13
55129,2023,9834.91
55131,2023,101120.44
55133,2023,378617.21
55135,2023,29025.13
55137,2023,12134.45
55139,2023,103349.41
55141,2023,41957.36
55901,2023,0.0
56001,2023,20678.76
56003,2023,6086.03
56005,2023,29518.69
56007,2023,9821.84
56009,2023,9796.46
56011,2023,4842.53
56013,2023,22651.17
56015,2023,6919.29
56017,2023,2974.46
56019,2023,6208.98
56021,2023,65791.5
56023,2023,15332.51
56025,2023,63829.33
56027,2023,1398.26
56029,2023,23670.62
56031,2023,5067.07
56033,2023,23941.1
56035,2023,6333.94
56037,2023,26446.67
56039,2023,109597.23
56041,2023,10237.74
56043,2023,4431.28
56045,2023,3702.21
