FIPS code,Income Year,PerCapita Income,County,State
01001,2022,29749.89,Autauga,AL
01003,2022,142052.69,Baldwin,AL
01005,2022,10134.59,Barbour,AL
01007,2022,8397.82,Bibb,AL
01009,2022,26224.26,Blount,AL
01011,2022,3390.75,Bullock,AL
01013,2022,8867.59,Butler,AL
01015,2022,49400.57,Calhoun,AL
01017,2022,13476.61,Chambers,AL
01019,2022,11297.95,Cherokee,AL
01021,2022,19922.86,Chilton,AL
01023,2022,5858.09,Choctaw,AL
01025,2022,10110.51,Clarke,AL
01027,2022,5595.98,Clay,AL
01029,2022,6802.33,Cleburne,AL
01031,2022,28394.08,Coffee,AL
01033,2022,25980.91,Colbert,AL
01035,2022,4645.65,Conecuh,AL
01037,2022,3992.84,Coosa,AL
01039,2022,15890.79,Covington,AL
01041,2022,6343.61,Crenshaw,AL
01043,2022,45111.92,Cullman,AL
01045,2022,22209.06,Dale,AL
01047,2022,15571.03,Dallas,AL
01049,2022,30341.83,DeKalb,AL
01051,2022,43608.92,Elmore,AL
01053,2022,14805.06,Escambia,AL
01055,2022,44450.35,Etowah,AL
01057,2022,6877.43,Fayette,AL
01059,2022,13598.84,Franklin,AL
01061,2022,11368.68,Geneva,AL
01063,2022,2850.13,Greene,AL
01065,2022,6486.78,Hale,AL
01067,2022,9365.66,Henry,AL
01069,2022,56159.48,Houston,AL
01071,2022,23351.47,Jackson,AL
01073,2022,448475.95,Jefferson,AL
01075,2022,5451.41,Lamar,AL
01077,2022,43104.78,Lauderdale,AL
01079,2022,14566.21,Lawrence,AL
01081,2022,83373.16,Lee,AL
01083,2022,59829.42,Limestone,AL
01085,2022,4955.74,Lowndes,AL
01087,2022,7213.7,Macon,AL
01089,2022,252387.63,Madison,AL
01091,2022,8963.44,Marengo,AL
01093,2022,12673.21,Marion,AL
01095,2022,46872.26,Marshall,AL
01097,2022,199195.98,Mobile,AL
01099,2022,8228.84,Monroe,AL
01101,2022,114908.97,Montgomery,AL
01103,2022,59070.26,Morgan,AL
01105,2022,3173.37,Perry,AL
01107,2022,7794.0,Pickens,AL
01109,2022,15843.76,Pike,AL
01111,2022,9535.76,Randolph,AL
01113,2022,22916.98,Russell,AL
01115,2022,45265.02,St. Clair,AL
01117,2022,154936.18,Shelby,AL
01119,2022,4610.15,Sumter,AL
01121,2022,33474.33,Talladega,AL
01123,2022,20066.31,Tallapoosa,AL
01125,2022,99850.64,Tuscaloosa,AL
01127,2022,31751.2,Walker,AL
01129,2022,6868.01,Washington,AL
01131,2022,3934.37,Wilcox,AL
01133,2022,10377.95,Winston,AL
02010,2022,0.0,Aleutian Islands Census Area,AK
02013,2022,2177.97,Aleutians East Borough,AK
02016,2022,3501.85,Aleutians West Census Area,AK
02020,2022,218713.79,Anchorage Municipality,AK
02050,2022,9011.03,Bethel Census Area,AK
02060,2022,1377.29,Bristol Bay Borough,AK
02063,2022,4832.81,Chugach Census Area,AK
02066,2022,1495.52,Copper River Census Area,AK
02068,2022,1895.16,Denali Borough,AK
02070,2022,2865.3,Dillingham Census Area,AK
02090,2022,64641.26,Fairbanks North Star Borough,AK
02100,2022,1758.01,Haines Borough,AK
02105,2022,1554.05,Hoonah-Angoon Census Area,AK
02110,2022,24993.02,Juneau City and Borough,AK
02122,2022,36627.19,Kenai Peninsula Borough,AK
02130,2022,10086.68,Ketchikan Gateway Borough,AK
02150,2022,9077.4,Kodiak Island Borough,AK
02158,2022,3090.37,Kusilvak Census Area,AK
02164,2022,945.48,Lake and Peninsula Borough,AK
02170,2022,66274.46,Matanuska-Susitna Borough,AK
02180,2022,6254.05,Nome Census Area,AK
02185,2022,8332.49,North Slope Borough,AK
02188,2022,4152.39,Northwest Arctic Borough,AK
02195,2022,2519.77,Petersburg Borough,AK
02198,2022,3036.87,Prince of Wales-Hyder Census Area,AK
02201,2022,0.0,Prince of Wales-Outer Ketchikan Census Area,AK
02220,2022,6677.4,Sitka City and Borough,AK
02230,2022,820.95,Skagway Municipality,AK
02231,2022,0.0,Skagway-Yakutat-Angoon Census Area,AK
02232,2022,0.0,Skagway-Hoonah-Angoon Census Area,AK
02240,2022,4257.81,Southeast Fairbanks Census Area,AK
02261,2022,0.0,Valdez-Cordova Census Area,AK
02275,2022,1268.26,Wrangell City and Borough,AK
02280,2022,0.0,Wrangell-Petersburg Census Area,AK
02282,2022,432.96,Yakutat City and Borough,AK
02290,2022,3395.92,Yukon-Koyukuk Census Area,AK
02901,2022,0.0,Aleutian Islands Division,AK
02903,2022,0.0,Angoon Division,AK
02904,2022,0.0,Barrow-North Slope Division,AK
02905,2022,0.0,Bethel Division,AK
02907,2022,0.0,Bristol Bay Division,AK
02908,2022,0.0,Cordova-McCarthy Division,AK
02910,2022,0.0,Haines Division,AK
02912,2022,0.0,Kenai-Cook Inlet Division,AK
02916,2022,0.0,Kuskokwim Division,AK
02919,2022,0.0,Outer Ketchikan Division,AK
02920,2022,0.0,Prince of Wales Division,AK
02921,2022,0.0,Seward Division,AK
02922,2022,0.0,Sitka Division,AK
02923,2022,0.0,Skagway-Yakutat Division,AK
02924,2022,0.0,Southeast Fairbanks Division,AK
02925,2022,0.0,Upper Yukon Division,AK
02926,2022,0.0,Valdez-Chitina-Whittier Division,AK
02928,2022,0.0,Wrangell-Petersburg Division,AK
02929,2022,0.0,Yukon-Koyukuk Division,AK
04001,2022,30276.71,Apache,AZ
04003,2022,63408.6,Cochise,AZ
04005,2022,84221.16,Coconino,AZ
04007,2022,27097.78,Gila,AZ
04009,2022,16147.28,Graham,AZ
04011,2022,5041.46,Greenlee,AZ
04012,2022,9375.08,La Paz,AZ
04013,2022,2922816.68,Maricopa,AZ
04015,2022,96441.56,Mohave,AZ
04017,2022,46702.68,Navajo,AZ
04019,2022,579241.91,Pima,AZ
04021,2022,217991.22,Pinal,AZ
04023,2022,22729.81,Santa Cruz,AZ
04025,2022,127845.1,Yavapai,AZ
04027,2022,94051.59,Yuma,AZ
05001,2022,9832.91,Arkansas,AR
05003,2022,8404.79,Ashley,AR
05005,2022,19087.7,Baxter,AR
05007,2022,353809.68,Benton,AR
05009,2022,16678.91,Boone,AR
05011,2022,4931.28,Bradley,AR
05013,2022,2188.69,Calhoun,AR
05015,2022,12249.4,Carroll,AR
05017,2022,4703.88,Chicot,AR
05019,2022,9074.69,Clark,AR
05021,2022,6419.47,Clay,AR
05023,2022,12330.87,Cleburne,AR
05025,2022,3971.11,Cleveland,AR
05027,2022,10233.45,Columbia,AR
05029,2022,10432.14,Conway,AR
05031,2022,53822.09,Craighead,AR
05033,2022,25892.4,Crawford,AR
05035,2022,21740.91,Crittenden,AR
05037,2022,7184.88,Cross,AR
05039,2022,2946.63,Dallas,AR
05041,2022,5355.39,Desha,AR
05043,2022,8036.7,Drew,AR
05045,2022,62070.74,Faulkner,AR
05047,2022,7519.39,Franklin,AR
05049,2022,4354.58,Fulton,AR
05051,2022,49631.72,Garland,AR
05053,2022,8682.94,Grant,AR
05055,2022,19569.18,Greene,AR
05057,2022,8588.56,Hempstead,AR
05059,2022,12784.39,Hot Spring,AR
05061,2022,6166.79,Howard,AR
05063,2022,17526.3,Independence,AR
05065,2022,5057.91,Izard,AR
05067,2022,7822.39,Jackson,AR
05069,2022,26977.69,Jefferson,AR
05071,2022,9420.77,Johnson,AR
05073,2022,3124.6,Lafayette,AR
05075,2022,7026.63,Lawrence,AR
05077,2022,3174.54,Lee,AR
05079,2022,4413.28,Lincoln,AR
05081,2022,5003.88,Little River,AR
05083,2022,8868.77,Logan,AR
05085,2022,37139.98,Lonoke,AR
05087,2022,8040.03,Madison,AR
05089,2022,6521.05,Marion,AR
05091,2022,17345.58,Miller,AR
05093,2022,17556.28,Mississippi,AR
05095,2022,2808.86,Monroe,AR
05097,2022,3353.91,Montgomery,AR
05099,2022,3366.08,Nevada,AR
05101,2022,2747.5,Newton,AR
05103,2022,10746.97,Ouachita,AR
05105,2022,4702.32,Perry,AR
05107,2022,6996.51,Phillips,AR
05109,2022,4376.24,Pike,AR
05111,2022,10064.9,Poinsett,AR
05113,2022,7921.2,Polk,AR
05115,2022,27283.73,Pope,AR
05117,2022,3650.79,Prairie,AR
05119,2022,248592.6,Pulaski,AR
05121,2022,7790.2,Randolph,AR
05123,2022,8204.55,St. Francis,AR
05125,2022,66184.86,Saline,AR
05127,2022,4030.4,Scott,AR
05129,2022,2679.35,Searcy,AR
05131,2022,62732.25,Sebastian,AR
05133,2022,7202.72,Sevier,AR
05135,2022,7894.1,Sharp,AR
05137,2022,4753.51,Stone,AR
05139,2022,20327.85,Union,AR
05141,2022,6380.5,Van Buren,AR
05143,2022,129938.9,Washington,AR
05145,2022,34573.5,White,AR
05147,2022,3126.67,Woodruff,AR
05149,2022,9200.59,Yell,AR
06001,2022,1641874.33,Alameda,CA
06003,2022,804.47,Alpine,CA
06005,2022,19830.23,Amador,CA
06007,2022,111899.69,Butte,CA
06009,2022,25876.89,Calaveras,CA
06011,2022,12175.26,Colusa,CA
06013,2022,1123011.77,Contra Costa,CA
06015,2022,11880.45,Del Norte,CA
06017,2022,153394.13,El Dorado,CA
06019,2022,512150.12,Fresno,CA
06021,2022,14495.42,Glenn,CA
06023,2022,72248.68,Humboldt,CA
06025,2022,81636.3,Imperial,CA
06027,2022,11118.4,Inyo,CA
06029,2022,408822.42,Kern,CA
06031,2022,65118.33,Kings,CA
06033,2022,30952.24,Lake,CA
06035,2022,12334.23,Lassen,CA
06037,2022,7229357.67,Los Angeles,CA
06039,2022,72438.63,Madera,CA
06041,2022,432422.99,Marin,CA
06043,2022,10392.59,Mariposa,CA
06045,2022,49597.78,Mendocino,CA
06047,2022,133258.02,Merced,CA
06049,2022,4989.36,Modoc,CA
06051,2022,8571.1,Mono,CA
06053,2022,282807.05,Monterey,CA
06055,2022,119883.57,Napa,CA
06057,2022,72822.15,Nevada,CA
06059,2022,2649731.16,Orange,CA
06061,2022,334678.21,Placer,CA
06063,2022,11627.88,Plumas,CA
06065,2022,1261747.31,Riverside,CA
06067,2022,981758.17,Sacramento,CA
06069,2022,42124.5,San Benito,CA
06071,2022,1068537.56,San Bernardino,CA
06073,2022,2440704.77,San Diego,CA
06075,2022,1253587.65,San Francisco,CA
06077,2022,447684.56,San Joaquin,CA
06079,2022,192816.77,San Luis Obispo,CA
06081,2022,1187158.07,San Mateo,CA
06083,2022,343673.16,Santa Barbara,CA
06085,2022,2680526.14,Santa Clara,CA
06087,2022,220052.09,Santa Cruz,CA
06089,2022,97884.79,Shasta,CA
06091,2022,1625.53,Sierra,CA
06093,2022,22618.6,Siskiyou,CA
06095,2022,273903.26,Solano,CA
06097,2022,379667.3,Sonoma,CA
06099,2022,281631.93,Stanislaus,CA
06101,2022,51015.31,Sutter,CA
06103,2022,30224.1,Tehama,CA
06105,2022,5668.25,Trinity,CA
06107,2022,224579.33,Tulare,CA
06109,2022,28693.45,Tuolumne,CA
06111,2022,616273.08,Ventura,CA
06113,2022,141078.62,Yolo,CA
06115,2022,40825.05,Yuba,CA
08001,2022,298883.33,Adams,CO
08003,2022,7316.37,Alamosa,CO
08005,2022,511246.27,Arapahoe,CO
08007,2022,7758.61,Archuleta,CO
08009,2022,1996.13,Baca,CO
08011,2022,1872.93,Bent,CO
08013,2022,312459.19,Boulder,CO
08014,2022,65386.47,Broomfield,CO
08015,2022,12702.18,Chaffee,CO
08017,2022,1387.22,Cheyenne,CO
08019,2022,6984.97,Clear Creek,CO
08021,2022,3442.6,Conejos,CO
08023,2022,1456.73,Costilla,CO
08025,2022,1355.19,Crowley,CO
08027,2022,2792.73,Custer,CO
08029,2022,15152.77,Delta,CO
08031,2022,818821.51,Denver,CO
08033,2022,984.26,Dolores,CO
08035,2022,365985.2,Douglas,CO
08037,2022,64780.03,Eagle,CO
08039,2022,20475.17,Elbert,CO
08041,2022,459093.16,El Paso,CO
08043,2022,20987.79,Fremont,CO
08045,2022,41490.89,Garfield,CO
08047,2022,3922.08,Gilpin,CO
08049,2022,10971.02,Grand,CO
08051,2022,11393.62,Gunnison,CO
08053,2022,492.45,Hinsdale,CO
08055,2022,3325.09,Huerfano,CO
08057,2022,872.59,Jackson,CO
08059,2022,470065.47,Jefferson,CO
08061,2022,1005.59,Kiowa,CO
08063,2022,3642.84,Kit Carson,CO
08065,2022,3766.04,Lake,CO
08067,2022,40474.04,La Plata,CO
08069,2022,249174.87,Larimer,CO
08071,2022,6574.27,Las Animas,CO
08073,2022,2226.43,Lincoln,CO
08075,2022,10997.98,Logan,CO
08077,2022,87540.84,Mesa,CO
08079,2022,663.26,Mineral,CO
08081,2022,6508.58,Moffat,CO
08083,2022,13531.25,Montezuma,CO
08085,2022,23375.71,Montrose,CO
08087,2022,15558.84,Morgan,CO
08089,2022,7828.59,Otero,CO
08091,2022,4273.2,Ouray,CO
08093,2022,10554.09,Park,CO
08095,2022,2544.81,Phillips,CO
08097,2022,39248.5,Pitkin,CO
08099,2022,5550.17,Prowers,CO
08101,2022,79704.62,Pueblo,CO
08103,2022,3942.47,Rio Blanco,CO
08105,2022,6415.31,Rio Grande,CO
08107,2022,30582.65,Routt,CO
08109,2022,2725.73,Saguache,CO
08111,2022,413.4,San Juan,CO
08113,2022,11559.93,San Miguel,CO
08115,2022,1299.87,Sedgwick,CO
08117,2022,29868.63,Summit,CO
08119,2022,15649.51,Teller,CO
08121,2022,2611.0,Washington,CO
08123,2022,207603.75,Weld,CO
08125,2022,5273.66,Yuma,CO
09001,2022,1252559.25,Fairfield,CT
09003,2022,645051.19,Hartford,CT
09005,2022,143002.74,Litchfield,CT
09007,2022,126499.83,Middlesex,CT
09009,2022,561761.83,New Haven,CT
09011,2022,177859.73,New London,CT
09013,2022,97048.53,Tolland,CT
09015,2022,63393.02,Windham,CT
10001,2022,95626.32,Kent,DE
10003,2022,385970.85,New Castle,DE
10005,2022,170484.98,Sussex,DE
11001,2022,677761.48,District of Columbia,DC
12001,2022,148905.71,Alachua,FL
12003,2022,12431.4,Baker,FL
12005,2022,99509.85,Bay,FL
12007,2022,11336.39,Bradford,FL
12009,2022,356663.27,Brevard,FL
12011,2022,1290289.98,Broward,FL
12013,2022,4856.17,Calhoun,FL
12015,2022,104993.12,Charlotte,FL
12017,2022,72968.11,Citrus,FL
12019,2022,122134.4,Clay,FL
12021,2022,497883.62,Collier,FL
12023,2022,31147.84,Columbia,FL
12027,2022,11771.61,DeSoto,FL
12029,2022,5764.08,Dixie,FL
12031,2022,575441.54,Duval,FL
12033,2022,171351.52,Escambia,FL
12035,2022,75027.85,Flagler,FL
12037,2022,5431.62,Franklin,FL
12039,2022,19420.02,Gadsden,FL
12041,2022,8063.21,Gilchrist,FL
12043,2022,3938.23,Glades,FL
12045,2022,7397.34,Gulf,FL
12047,2022,4650.86,Hamilton,FL
12049,2022,8994.01,Hardee,FL
12051,2022,16548.26,Hendry,FL
12053,2022,95747.49,Hernando,FL
12055,2022,43819.23,Highlands,FL
12057,2022,906538.18,Hillsborough,FL
12059,2022,7603.11,Holmes,FL
12061,2022,163298.19,Indian River,FL
12063,2022,18827.27,Jackson,FL
12065,2022,7277.79,Jefferson,FL
12067,2022,2684.92,Lafayette,FL
12069,2022,213420.94,Lake,FL
12071,2022,505849.54,Lee,FL
12073,2022,158635.1,Leon,FL
12075,2022,20128.53,Levy,FL
12077,2022,2513.89,Liberty,FL
12079,2022,7683.23,Madison,FL
12081,2022,258682.21,Manatee,FL
12083,2022,175838.66,Marion,FL
12085,2022,170928.9,Martin,FL
12086,2022,1884435.48,Miami-Dade,FL
12087,2022,96663.07,Monroe,FL
12089,2022,73217.47,Nassau,FL
12091,2022,128742.19,Okaloosa,FL
12093,2022,16247.84,Okeechobee,FL
12095,2022,821638.31,Orange,FL
12097,2022,189741.53,Osceola,FL
12099,2022,1651783.71,Palm Beach,FL
12101,2022,322912.02,Pasco,FL
12103,2022,648337.85,Pinellas,FL
12105,2022,339814.92,Polk,FL
12107,2022,30047.94,Putnam,FL
12109,2022,257893.69,St. Johns,FL
12111,2022,183016.04,St. Lucie,FL
12113,2022,111959.69,Santa Rosa,FL
12115,2022,366593.66,Sarasota,FL
12117,2022,284232.45,Seminole,FL
12119,2022,95711.55,Sumter,FL
12121,2022,18885.91,Suwannee,FL
12123,2022,7753.01,Taylor,FL
12125,2022,4193.29,Union,FL
12127,2022,304287.42,Volusia,FL
12129,2022,16979.59,Wakulla,FL
12131,2022,70367.55,Walton,FL
12133,2022,9219.0,Washington,FL
13001,2022,8224.49,Appling,GA
13003,2022,3097.73,Atkinson,GA
13005,2022,4538.03,Bacon,GA
13007,2022,1375.84,Baker,GA
13009,2022,18890.95,Baldwin,GA
13011,2022,8666.7,Banks,GA
13013,2022,43042.26,Barrow,GA
13015,2022,55497.24,Bartow,GA
13017,2022,6888.17,Ben Hill,GA
13019,2022,7470.33,Berrien,GA
13021,2022,72840.8,Bibb,GA
13023,2022,5126.92,Bleckley,GA
13025,2022,6650.24,Brantley,GA
13027,2022,6537.89,Brooks,GA
13029,2022,28147.58,Bryan,GA
13031,2022,32818.9,Bulloch,GA
13033,2022,10351.15,Burke,GA
13035,2022,11204.97,Butts,GA
13037,2022,1887.98,Calhoun,GA
13039,2022,25528.06,Camden,GA
13043,2022,4555.82,Candler,GA
13045,2022,62157.62,Carroll,GA
13047,2022,30202.7,Catoosa,GA
13049,2022,4038.74,Charlton,GA
13051,2022,170609.25,Chatham,GA
13053,2022,3302.49,Chattahoochee,GA
13055,2022,9263.77,Chattooga,GA
13057,2022,189286.71,Cherokee,GA
13059,2022,54683.0,Clarke,GA
13061,2022,1090.9,Clay,GA
13063,2022,101076.65,Clayton,GA
13065,2022,2937.25,Clinch,GA
13067,2022,553789.64,Cobb,GA
13069,2022,17005.16,Coffee,GA
13071,2022,19025.0,Colquitt,GA
13073,2022,96042.43,Columbia,GA
13075,2022,6851.74,Cook,GA
13077,2022,90539.22,Coweta,GA
13079,2022,4970.07,Crawford,GA
13081,2022,9105.54,Crisp,GA
13083,2022,6819.22,Dade,GA
13085,2022,18167.96,Dawson,GA
13087,2022,12493.77,Decatur,GA
13089,2022,492633.04,DeKalb,GA
13091,2022,7232.86,Dodge,GA
13093,2022,4835.48,Dooly,GA
13095,2022,38071.02,Dougherty,GA
13097,2022,64517.78,Douglas,GA
13099,2022,4638.81,Early,GA
13101,2022,1229.55,Echols,GA
13103,2022,33691.83,Effingham,GA
13105,2022,8571.19,Elbert,GA
13107,2022,9090.67,Emanuel,GA
13109,2022,4333.75,Evans,GA
13111,2022,13160.67,Fannin,GA
13113,2022,89848.99,Fayette,GA
13115,2022,44082.42,Floyd,GA
13117,2022,213811.52,Forsyth,GA
13119,2022,10753.18,Franklin,GA
13121,2022,1079892.35,Fulton,GA
13123,2022,14880.07,Gilmer,GA
13125,2022,1164.14,Glascock,GA
13127,2022,50799.74,Glynn,GA
13129,2022,26712.55,Gordon,GA
13131,2022,9997.58,Grady,GA
13133,2022,15978.42,Greene,GA
13135,2022,504964.68,Gwinnett,GA
13137,2022,19246.85,Habersham,GA
13139,2022,121462.26,Hall,GA
13141,2022,3046.55,Hancock,GA
13143,2022,14184.69,Haralson,GA
13145,2022,20782.18,Harris,GA
13147,2022,12410.91,Hart,GA
13149,2022,4819.81,Heard,GA
13151,2022,118248.27,Henry,GA
13153,2022,82344.23,Houston,GA
13155,2022,4012.6,Irwin,GA
13157,2022,47238.15,Jackson,GA
13159,2022,7514.06,Jasper,GA
13161,2022,5606.38,Jeff Davis,GA
13163,2022,6490.97,Jefferson,GA
13165,2022,3168.74,Jenkins,GA
13167,2022,2994.97,Johnson,GA
13169,2022,12576.94,Jones,GA
13171,2022,8642.45,Lamar,GA
13173,2022,3490.36,Lanier,GA
13175,2022,21463.97,Laurens,GA
13177,2022,17441.2,Lee,GA
13179,2022,27265.8,Liberty,GA
13181,2022,3665.37,Lincoln,GA
13183,2022,7211.83,Long,GA
13185,2022,52382.87,Lowndes,GA
13187,2022,16314.46,Lumpkin,GA
13189,2022,9396.11,McDuffie,GA
13191,2022,5469.62,McIntosh,GA
13193,2022,5200.26,Macon,GA
13195,2022,14839.39,Madison,GA
13197,2022,2867.38,Marion,GA
13199,2022,9309.23,Meriwether,GA
13201,2022,3020.18,Miller,GA
13205,2022,9621.87,Mitchell,GA
13207,2022,16124.97,Monroe,GA
13209,2022,3189.71,Montgomery,GA
13211,2022,12886.33,Morgan,GA
13213,2022,15453.48,Murray,GA
13215,2022,99660.85,Muscogee,GA
13217,2022,49516.56,Newton,GA
13219,2022,36323.45,Oconee,GA
13221,2022,7309.05,Oglethorpe,GA
13223,2022,85207.55,Paulding,GA
13225,2022,12698.81,Peach,GA
13227,2022,21095.09,Pickens,GA
13229,2022,8458.42,Pierce,GA
13231,2022,10090.58,Pike,GA
13233,2022,17673.13,Polk,GA
13235,2022,4082.04,Pulaski,GA
13237,2022,12928.51,Putnam,GA
13239,2022,862.26,Quitman,GA
13241,2022,8908.73,Rabun,GA
13243,2022,2640.62,Randolph,GA
13245,2022,90353.9,Richmond,GA
13247,2022,39640.12,Rockdale,GA
13249,2022,1993.21,Schley,GA
13251,2022,5764.01,Screven,GA
13253,2022,4130.48,Seminole,GA
13255,2022,29583.67,Spalding,GA
13257,2022,12145.97,Stephens,GA
13259,2022,1683.47,Stewart,GA
13261,2022,12676.55,Sumter,GA
13263,2022,2642.14,Talbot,GA
13265,2022,699.74,Taliaferro,GA
13267,2022,8854.51,Tattnall,GA
13269,2022,2988.89,Taylor,GA
13271,2022,3584.5,Telfair,GA
13273,2022,4130.5,Terrell,GA
13275,2022,24724.85,Thomas,GA
13277,2022,19054.76,Tift,GA
13279,2022,11489.99,Toombs,GA
13281,2022,6243.9,Towns,GA
13283,2022,2501.68,Treutlen,GA
13285,2022,31843.41,Troup,GA
13287,2022,3401.94,Turner,GA
13289,2022,3373.42,Twiggs,GA
13291,2022,12014.88,Union,GA
13293,2022,11839.59,Upson,GA
13295,2022,29525.03,Walker,GA
13297,2022,54120.14,Walton,GA
13299,2022,13956.84,Ware,GA
13301,2022,2128.17,Warren,GA
13303,2022,8259.68,Washington,GA
13305,2022,11786.02,Wayne,GA
13307,2022,931.52,Webster,GA
13309,2022,1715.4,Wheeler,GA
13311,2022,14003.5,White,GA
13313,2022,47689.91,Whitfield,GA
13315,2022,2957.16,Wilcox,GA
13317,2022,5015.03,Wilkes,GA
13319,2022,3667.81,Wilkinson,GA
13321,2022,8522.37,Worth,GA
15001,2022,104326.92,Hawaii,HI
15003,2022,653681.47,Honolulu,HI
15007,2022,43041.53,Kauai,HI
15901,2022,99489.02,Maui + Kalawao,HI
16001,2022,359589.55,Ada,ID
16003,2022,2102.12,Adams,ID
16005,2022,43031.94,Bannock,ID
16007,2022,3235.73,Bear Lake,ID
16009,2022,4533.87,Benewah,ID
16011,2022,23958.02,Bingham,ID
16013,2022,43565.73,Blaine,ID
16015,2022,4382.97,Boise,ID
16017,2022,27297.95,Bonner,ID
16019,2022,74507.67,Bonneville,ID
16021,2022,6096.18,Boundary,ID
16023,2022,1435.37,Butte,ID
16025,2022,744.28,Camas,ID
16027,2022,116212.6,Canyon,ID
16029,2022,3575.43,Caribou,ID
16031,2022,13959.43,Cassia,ID
16033,2022,403.26,Clark,ID
16035,2022,3858.94,Clearwater,ID
16037,2022,2273.03,Custer,ID
16039,2022,13249.86,Elmore,ID
16041,2022,6890.8,Franklin,ID
16043,2022,6415.63,Fremont (includes Yellowstone Park),ID
16045,2022,9421.87,Gem,ID
16047,2022,11618.22,Gooding,ID
16049,2022,7755.73,Idaho,ID
16051,2022,15868.08,Jefferson,ID
16053,2022,12017.52,Jerome,ID
16055,2022,109924.93,Kootenai,ID
16057,2022,21312.07,Latah,ID
16059,2022,4356.57,Lemhi,ID
16061,2022,2216.71,Lewis,ID
16063,2022,2808.0,Lincoln,ID
16065,2022,15450.32,Madison,ID
16067,2022,11036.8,Minidoka,ID
16069,2022,23077.85,Nez Perce,ID
16071,2022,2248.49,Oneida,ID
16073,2022,6225.56,Owyhee,ID
16075,2022,13043.45,Payette,ID
16077,2022,4031.59,Power,ID
16079,2022,6194.87,Shoshone,ID
16081,2022,8102.44,Teton,ID
16083,2022,47203.97,Twin Falls,ID
16085,2022,7823.88,Valley,ID
16087,2022,4885.12,Washington,ID
17001,2022,36944.31,Adams,IL
17003,2022,2407.94,Alexander,IL
17005,2022,7567.7,Bond,IL
17007,2022,29488.89,Boone,IL
17009,2022,2982.23,Brown,IL
17011,2022,17084.43,Bureau,IL
17013,2022,2491.8,Calhoun,IL
17015,2022,8117.77,Carroll,IL
17017,2022,6463.6,Cass,IL
17019,2022,114805.05,Champaign,IL
17021,2022,16899.75,Christian,IL
17023,2022,8019.16,Clark,IL
17025,2022,6566.45,Clay,IL
17027,2022,22326.07,Clinton,IL
17029,2022,24570.28,Coles,IL
17031,2022,3765889.94,Cook,IL
17033,2022,10609.19,Crawford,IL
17035,2022,9692.21,Cumberland,IL
17037,2022,51358.82,DeKalb,IL
17039,2022,8903.95,De Witt,IL
17041,2022,13593.03,Douglas,IL
17043,2022,835022.4,DuPage,IL
17045,2022,9446.05,Edgar,IL
17047,2022,3096.94,Edwards,IL
17049,2022,22116.6,Effingham,IL
17051,2022,9734.35,Fayette,IL
17053,2022,9277.61,Ford,IL
17055,2022,17092.9,Franklin,IL
17057,2022,16012.39,Fulton,IL
17059,2022,2686.61,Gallatin,IL
17061,2022,6301.11,Greene,IL
17063,2022,31665.27,Grundy,IL
17065,2022,4275.74,Hamilton,IL
17067,2022,9966.65,Hancock,IL
17069,2022,1859.46,Hardin,IL
17071,2022,3610.24,Henderson,IL
17073,2022,27636.54,Henry,IL
17075,2022,15195.95,Iroquois,IL
17077,2022,24744.05,Jackson,IL
17079,2022,5233.83,Jasper,IL
17081,2022,17462.31,Jefferson,IL
17083,2022,11334.72,Jersey,IL
17085,2022,12588.34,Jo Daviess,IL
17087,2022,5267.94,Johnson,IL
17089,2022,332523.64,Kane,IL
17091,2022,54300.49,Kankakee,IL
17093,2022,80342.47,Kendall,IL
17095,2022,23263.36,Knox,IL
17097,2022,668253.26,Lake,IL
17099,2022,58387.17,LaSalle,IL
17101,2022,6246.34,Lawrence,IL
17103,2022,17692.64,Lee,IL
17105,2022,20350.63,Livingston,IL
17107,2022,13479.42,Logan,IL
17109,2022,13223.89,McDonough,IL
17111,2022,205774.43,McHenry,IL
17113,2022,100889.68,McLean,IL
17115,2022,58252.49,Macon,IL
17117,2022,22955.98,Macoupin,IL
17119,2022,149619.64,Madison,IL
17121,2022,18832.82,Marion,IL
17123,2022,6598.54,Marshall,IL
17125,2022,7163.46,Mason,IL
17127,2022,6388.6,Massac,IL
17129,2022,6960.74,Menard,IL
17131,2022,9322.52,Mercer,IL
17133,2022,24526.61,Monroe,IL
17135,2022,12223.78,Montgomery,IL
17137,2022,16465.28,Morgan,IL
17139,2022,12056.55,Moultrie,IL
17141,2022,28390.47,Ogle,IL
17143,2022,104271.95,Peoria,IL
17145,2022,9489.23,Perry,IL
17147,2022,11385.91,Piatt,IL
17149,2022,8086.24,Pike,IL
17151,2022,1425.43,Pope,IL
17153,2022,2261.38,Pulaski,IL
17155,2022,3753.62,Putnam,IL
17157,2022,14082.75,Randolph,IL
17159,2022,8159.08,Richland,IL
17161,2022,70719.2,Rock Island,IL
17163,2022,141822.78,St. Clair,IL
17165,2022,11220.16,Saline,IL
17167,2022,111719.97,Sangamon,IL
17169,2022,3612.28,Schuyler,IL
17171,2022,2705.01,Scott,IL
17173,2022,11028.01,Shelby,IL
17175,2022,3324.21,Stark,IL
17177,2022,23089.01,Stephenson,IL
17179,2022,74005.36,Tazewell,IL
17181,2022,8209.6,Union,IL
17183,2022,35857.97,Vermilion,IL
17185,2022,5799.62,Wabash,IL
17187,2022,9224.32,Warren,IL
17189,2022,8339.62,Washington,IL
17191,2022,8050.82,Wayne,IL
17193,2022,8156.91,White,IL
17195,2022,28849.97,Whiteside,IL
17197,2022,452037.5,Will,IL
17199,2022,35315.63,Williamson,IL
17201,2022,144069.46,Winnebago,IL
17203,2022,24322.05,Woodford,IL
18001,2022,18120.12,Adams,IN
18003,2022,228786.22,Allen,IN
18005,2022,52411.35,Bartholomew,IN
18007,2022,4776.18,Benton,IN
18009,2022,5418.89,Blackford,IN
18011,2022,68690.58,Boone,IN
18013,2022,9196.79,Brown,IN
18015,2022,10539.13,Carroll,IN
18017,2022,17860.95,Cass,IN
18019,2022,66765.18,Clark,IN
18021,2022,12002.0,Clay,IN
18023,2022,15405.74,Clinton,IN
18025,2022,4417.69,Crawford,IN
18027,2022,19583.88,Daviess,IN
18029,2022,29676.15,Dearborn,IN
18031,2022,14172.08,Decatur,IN
18033,2022,24276.02,DeKalb,IN
18035,2022,51493.88,Delaware,IN
18037,2022,28621.55,Dubois,IN
18039,2022,121732.32,Elkhart,IN
18041,2022,11169.06,Fayette,IN
18043,2022,51191.44,Floyd,IN
18045,2022,8550.24,Fountain,IN
18047,2022,12835.07,Franklin,IN
18049,2022,10214.88,Fulton,IN
18051,2022,18611.18,Gibson,IN
18053,2022,31596.51,Grant,IN
18055,2022,15848.75,Greene,IN
18057,2022,344361.87,Hamilton,IN
18059,2022,52520.89,Hancock,IN
18061,2022,21932.68,Harrison,IN
18063,2022,108922.75,Hendricks,IN
18065,2022,23010.08,Henry,IN
18067,2022,40095.41,Howard,IN
18069,2022,18788.22,Huntington,IN
18071,2022,23213.23,Jackson,IN
18073,2022,19483.65,Jasper,IN
18075,2022,11154.83,Jay,IN
18077,2022,17339.82,Jefferson,IN
18079,2022,13851.43,Jennings,IN
18081,2022,98431.66,Johnson,IN
18083,2022,19557.01,Knox,IN
18085,2022,46964.91,Kosciusko,IN
18087,2022,22373.83,Lagrange,IN
18089,2022,268353.5,Lake,IN
18091,2022,56920.72,LaPorte,IN
18093,2022,23702.85,Lawrence,IN
18095,2022,61681.0,Madison,IN
18097,2022,665061.39,Marion,IN
18099,2022,24836.1,Marshall,IN
18101,2022,5219.79,Martin,IN
18103,2022,14606.9,Miami,IN
18105,2022,76510.53,Monroe,IN
18107,2022,19314.55,Montgomery,IN
18109,2022,39497.3,Morgan,IN
18111,2022,7341.66,Newton,IN
18113,2022,24151.4,Noble,IN
18115,2022,3177.67,Ohio,IN
18117,2022,9057.95,Orange,IN
18119,2022,10774.61,Owen,IN
18121,2022,8189.54,Parke,IN
18123,2022,8658.8,Perry,IN
18125,2022,5934.42,Pike,IN
18127,2022,111234.65,Porter,IN
18129,2022,14854.55,Posey,IN
18131,2022,7002.16,Pulaski,IN
18133,2022,17520.72,Putnam,IN
18135,2022,12961.17,Randolph,IN
18137,2022,14880.84,Ripley,IN
18139,2022,9266.61,Rush,IN
18141,2022,154249.58,St. Joseph,IN
18143,2022,11055.08,Scott,IN
18145,2022,24216.39,Shelby,IN
18147,2022,10816.44,Spencer,IN
18149,2022,9864.09,Starke,IN
18151,2022,19073.57,Steuben,IN
18153,2022,9104.87,Sullivan,IN
18155,2022,4255.37,Switzerland,IN
18157,2022,89582.51,Tippecanoe,IN
18159,2022,7789.63,Tipton,IN
18161,2022,3463.17,Union,IN
18163,2022,102241.43,Vanderburgh,IN
18165,2022,7214.73,Vermillion,IN
18167,2022,49469.25,Vigo,IN
18169,2022,16537.88,Wabash,IN
18171,2022,4623.59,Warren,IN
18173,2022,44268.45,Warrick,IN
18175,2022,14170.52,Washington,IN
18177,2022,33153.95,Wayne,IN
18179,2022,14741.69,Wells,IN
18181,2022,13324.77,White,IN
18183,2022,19300.23,Whitley,IN
19001,2022,5112.94,Adair,IA
19003,2022,2404.17,Adams,IA
19005,2022,7920.04,Allamakee,IA
19007,2022,5748.28,Appanoose,IA
19009,2022,4019.19,Audubon,IA
19011,2022,18060.39,Benton,IA
19013,2022,69650.81,Black Hawk,IA
19015,2022,14674.92,Boone,IA
19017,2022,15221.66,Bremer,IA
19019,2022,12932.6,Buchanan,IA
19021,2022,11410.27,Buena Vista,IA
19023,2022,8830.42,Butler,IA
19025,2022,6441.11,Calhoun,IA
19027,2022,13992.59,Carroll,IA
19029,2022,8020.76,Cass,IA
19031,2022,12559.11,Cedar,IA
19033,2022,32410.05,Cerro Gordo,IA
19035,2022,11051.06,Cherokee,IA
19037,2022,12209.51,Chickasaw,IA
19039,2022,4779.83,Clarke,IA
19041,2022,10406.53,Clay,IA
19043,2022,11383.23,Clayton,IA
19045,2022,24360.01,Clinton,IA
19047,2022,9109.49,Crawford,IA
19049,2022,85930.14,Dallas,IA
19051,2022,5181.19,Davis,IA
19053,2022,3499.0,Decatur,IA
19055,2022,11053.67,Delaware,IA
19057,2022,22042.26,Des Moines,IA
19059,2022,13887.46,Dickinson,IA
19061,2022,60403.98,Dubuque,IA
19063,2022,5076.16,Emmet,IA
19065,2022,10418.18,Fayette,IA
19067,2022,9478.92,Floyd,IA
19069,2022,6789.92,Franklin,IA
19071,2022,3964.52,Fremont,IA
19073,2022,5470.13,Greene,IA
19075,2022,8226.91,Grundy,IA
19077,2022,7445.55,Guthrie,IA
19079,2022,9925.14,Hamilton,IA
19081,2022,7414.79,Hancock,IA
19083,2022,12963.82,Hardin,IA
19085,2022,8810.77,Harrison,IA
19087,2022,10379.65,Henry,IA
19089,2022,6251.98,Howard,IA
19091,2022,5846.55,Humboldt,IA
19093,2022,5203.26,Ida,IA
19095,2022,10208.09,Iowa,IA
19097,2022,10904.6,Jackson,IA
19099,2022,19549.79,Jasper,IA
19101,2022,8919.05,Jefferson,IA
19103,2022,95646.79,Johnson,IA
19105,2022,11565.61,Jones,IA
19107,2022,5716.87,Keokuk,IA
19109,2022,10057.56,Kossuth,IA
19111,2022,16680.49,Lee,IA
19113,2022,139845.96,Linn,IA
19115,2022,5862.02,Louisa,IA
19117,2022,4321.05,Lucas,IA
19119,2022,9198.8,Lyon,IA
19121,2022,10197.82,Madison,IA
19123,2022,11787.52,Mahaska,IA
19125,2022,20383.83,Marion,IA
19127,2022,19693.64,Marshall,IA
19129,2022,9917.28,Mills,IA
19131,2022,11154.43,Mitchell,IA
19133,2022,5227.95,Monona,IA
19135,2022,4197.78,Monroe,IA
19137,2022,5215.94,Montgomery,IA
19139,2022,23627.79,Muscatine,IA
19141,2022,9473.41,O'Brien,IA
19143,2022,4063.04,Osceola,IA
19145,2022,8196.87,Page,IA
19147,2022,6014.47,Palo Alto,IA
19149,2022,17955.79,Plymouth,IA
19151,2022,4726.03,Pocahontas,IA
19153,2022,320362.8,Polk,IA
19155,2022,52242.68,Pottawattamie,IA
19157,2022,10549.51,Poweshiek,IA
19159,2022,2776.8,Ringgold,IA
19161,2022,7908.22,Sac,IA
19163,2022,109968.84,Scott,IA
19165,2022,7801.64,Shelby,IA
19167,2022,25380.76,Sioux,IA
19169,2022,52913.11,Story,IA
19171,2022,9865.63,Tama,IA
19173,2022,3451.2,Taylor,IA
19175,2022,6038.56,Union,IA
19177,2022,3670.35,Van Buren,IA
19179,2022,16302.36,Wapello,IA
19181,2022,33644.36,Warren,IA
19183,2022,18619.34,Washington,IA
19185,2022,3582.43,Wayne,IA
19187,2022,19692.15,Webster,IA
19189,2022,6014.14,Winnebago,IA
19191,2022,12322.92,Winneshiek,IA
19193,2022,54919.1,Woodbury,IA
19195,2022,4200.57,Worth,IA
19197,2022,9301.98,Wright,IA
20001,2022,5938.59,Allen,KS
20003,2022,3960.85,Anderson,KS
20005,2022,7031.31,Atchison,KS
20007,2022,2253.38,Barber,KS
20009,2022,14057.13,Barton,KS
20011,2022,6757.28,Bourbon,KS
20013,2022,4865.45,Brown,KS
20015,2022,37103.39,Butler,KS
20017,2022,1534.53,Chase,KS
20019,2022,1474.44,Chautauqua,KS
20021,2022,10478.68,Cherokee,KS
20023,2022,1631.99,Cheyenne,KS
20025,2022,1062.64,Clark,KS
20027,2022,3978.03,Clay,KS
20029,2022,4144.52,Cloud,KS
20031,2022,4689.47,Coffey,KS
20033,2022,852.81,Comanche,KS
20035,2022,15357.33,Cowley,KS
20037,2022,17730.94,Crawford,KS
20039,2022,1896.71,Decatur,KS
20041,2022,8937.39,Dickinson,KS
20043,2022,3694.59,Doniphan,KS
20045,2022,64407.94,Douglas,KS
20047,2022,1805.52,Edwards,KS
20049,2022,1023.53,Elk,KS
20051,2022,15850.31,Ellis,KS
20053,2022,3017.8,Ellsworth,KS
20055,2022,19030.18,Finney,KS
20057,2022,16178.65,Ford,KS
20059,2022,12820.53,Franklin,KS
20061,2022,18423.33,Geary,KS
20063,2022,2409.73,Gove,KS
20065,2022,1470.27,Graham,KS
20067,2022,3078.29,Grant,KS
20069,2022,3803.27,Gray,KS
20071,2022,1335.82,Greeley,KS
20073,2022,2785.34,Greenwood,KS
20075,2022,2314.21,Hamilton,KS
20077,2022,3223.22,Harper,KS
20079,2022,17291.88,Harvey,KS
20081,2022,2451.22,Haskell,KS
20083,2022,1071.43,Hodgeman,KS
20085,2022,6633.32,Jackson,KS
20087,2022,10009.99,Jefferson,KS
20089,2022,1519.44,Jewell,KS
20091,2022,601956.58,Johnson,KS
20093,2022,2343.29,Kearny,KS
20095,2022,3848.9,Kingman,KS
20097,2022,1187.8,Kiowa,KS
20099,2022,9838.78,Labette,KS
20101,2022,1283.12,Lane,KS
20103,2022,42218.11,Leavenworth,KS
20105,2022,1442.4,Lincoln,KS
20107,2022,4698.67,Linn,KS
20109,2022,1817.05,Logan,KS
20111,2022,15174.58,Lyon,KS
20113,2022,17896.91,McPherson,KS
20115,2022,5593.95,Marion,KS
20117,2022,4724.82,Marshall,KS
20119,2022,2628.74,Meade,KS
20121,2022,21122.1,Miami,KS
20123,2022,3794.04,Mitchell,KS
20125,2022,13671.89,Montgomery,KS
20127,2022,2730.36,Morris,KS
20129,2022,1353.68,Morton,KS
20131,2022,6744.34,Nemaha,KS
20133,2022,7338.37,Neosho,KS
20135,2022,1761.61,Ness,KS
20137,2022,2972.66,Norton,KS
20139,2022,7867.7,Osage,KS
20141,2022,1885.6,Osborne,KS
20143,2022,2995.49,Ottawa,KS
20145,2022,2820.88,Pawnee,KS
20147,2022,3015.2,Phillips,KS
20149,2022,16032.62,Pottawatomie,KS
20151,2022,5068.19,Pratt,KS
20153,2022,2215.45,Rawlins,KS
20155,2022,29573.02,Reno,KS
20157,2022,2244.42,Republic,KS
20159,2022,4647.21,Rice,KS
20161,2022,36571.7,Riley,KS
20163,2022,2242.47,Rooks,KS
20165,2022,1645.51,Rush,KS
20167,2022,3650.13,Russell,KS
20169,2022,30614.75,Saline,KS
20171,2022,3099.31,Scott,KS
20173,2022,306231.33,Sedgwick,KS
20175,2022,9973.72,Seward,KS
20177,2022,97771.75,Shawnee,KS
20179,2022,1423.63,Sheridan,KS
20181,2022,3249.97,Sherman,KS
20183,2022,2089.34,Smith,KS
20185,2022,2068.07,Stafford,KS
20187,2022,1707.31,Stanton,KS
20189,2022,2671.54,Stevens,KS
20191,2022,10797.44,Sumner,KS
20193,2022,4514.81,Thomas,KS
20195,2022,1684.96,Trego,KS
20197,2022,3949.17,Wabaunsee,KS
20199,2022,944.87,Wallace,KS
20201,2022,2760.76,Washington,KS
20203,2022,1179.3,Wichita,KS
20205,2022,4160.1,Wilson,KS
20207,2022,1388.26,Woodson,KS
20209,2022,66051.21,Wyandotte,KS
21001,2022,7948.85,Adair,KY
21003,2022,8723.89,Allen,KY
21005,2022,11153.69,Anderson,KY
21007,2022,3978.15,Ballard,KY
21009,2022,19360.17,Barren,KY
21011,2022,4949.11,Bath,KY
21013,2022,9368.76,Bell,KY
21015,2022,82163.28,Boone,KY
21017,2022,11772.53,Bourbon,KY
21019,2022,22040.02,Boyd,KY
21021,2022,14484.28,Boyle,KY
21023,2022,3779.98,Bracken,KY
21025,2022,5246.97,Breathitt,KY
21027,2022,8697.02,Breckinridge,KY
21029,2022,43201.73,Bullitt,KY
21031,2022,5385.17,Butler,KY
21033,2022,5597.73,Caldwell,KY
21035,2022,16689.36,Calloway,KY
21037,2022,58944.48,Campbell,KY
21039,2022,2653.05,Carlisle,KY
21041,2022,5154.89,Carroll,KY
21043,2022,10260.62,Carter,KY
21045,2022,6416.16,Casey,KY
21047,2022,32833.36,Christian,KY
21049,2022,18025.0,Clark,KY
21051,2022,7604.78,Clay,KY
21053,2022,4052.63,Clinton,KY
21055,2022,3803.37,Crittenden,KY
21057,2022,3048.74,Cumberland,KY
21059,2022,51786.65,Daviess,KY
21061,2022,4981.15,Edmonson,KY
21063,2022,2018.27,Elliott,KY
21065,2022,5647.26,Estill,KY
21067,2022,198483.99,Fayette,KY
21069,2022,6328.93,Fleming,KY
21071,2022,15009.82,Floyd,KY
21073,2022,25694.95,Franklin,KY
21075,2022,2699.24,Fulton,KY
21077,2022,3875.35,Gallatin,KY
21079,2022,7742.87,Garrard,KY
21081,2022,11673.9,Grant,KY
21083,2022,18446.35,Graves,KY
21085,2022,11232.37,Grayson,KY
21087,2022,4812.14,Green,KY
21089,2022,16922.7,Greenup,KY
21091,2022,5455.84,Hancock,KY
21093,2022,59851.45,Hardin,KY
21095,2022,9724.56,Harlan,KY
21097,2022,8284.38,Harrison,KY
21099,2022,8295.08,Hart,KY
21101,2022,23420.85,Henderson,KY
21103,2022,7900.93,Henry,KY
21105,2022,2617.43,Hickman,KY
21107,2022,21264.12,Hopkins,KY
21109,2022,4872.18,Jackson,KY
21111,2022,496311.33,Jefferson,KY
21113,2022,31724.79,Jessamine,KY
21115,2022,8703.43,Johnson,KY
21117,2022,118460.32,Kenton,KY
21119,2022,5778.58,Knott,KY
21121,2022,11114.28,Knox,KY
21123,2022,6431.15,Larue,KY
21125,2022,25566.15,Laurel,KY
21127,2022,6191.6,Lawrence,KY
21129,2022,2494.94,Lee,KY
21131,2022,3954.45,Leslie,KY
21133,2022,8294.23,Letcher,KY
21135,2022,5130.6,Lewis,KY
21137,2022,9955.62,Lincoln,KY
21139,2022,4134.79,Livingston,KY
21141,2022,12717.67,Logan,KY
21143,2022,3785.12,Lyon,KY
21145,2022,41004.07,McCracken,KY
21147,2022,5695.15,McCreary,KY
21149,2022,4801.19,McLean,KY
21151,2022,43099.98,Madison,KY
21153,2022,4748.24,Magoffin,KY
21155,2022,8823.53,Marion,KY
21157,2022,15600.1,Marshall,KY
21159,2022,3543.54,Martin,KY
21161,2022,8283.72,Mason,KY
21163,2022,14414.4,Meade,KY
21165,2022,2548.17,Menifee,KY
21167,2022,10329.67,Mercer,KY
21169,2022,3904.97,Metcalfe,KY
21171,2022,5071.96,Monroe,KY
21173,2022,12370.17,Montgomery,KY
21175,2022,4558.24,Morgan,KY
21177,2022,12454.75,Muhlenberg,KY
21179,2022,25538.57,Nelson,KY
21181,2022,3053.11,Nicholas,KY
21183,2022,9729.83,Ohio,KY
21185,2022,54278.41,Oldham,KY
21187,2022,4499.05,Owen,KY
21189,2022,1859.78,Owsley,KY
21191,2022,6843.58,Pendleton,KY
21193,2022,11916.04,Perry,KY
21195,2022,24781.17,Pike,KY
21197,2022,5045.18,Powell,KY
21199,2022,30943.89,Pulaski,KY
21201,2022,924.62,Robertson,KY
21203,2022,6527.04,Rockcastle,KY
21205,2022,9326.44,Rowan,KY
21207,2022,9903.34,Russell,KY
21209,2022,31847.2,Scott,KY
21211,2022,28496.28,Shelby,KY
21213,2022,8995.76,Simpson,KY
21215,2022,11327.21,Spencer,KY
21217,2022,10702.42,Taylor,KY
21219,2022,6247.96,Todd,KY
21221,2022,6685.94,Trigg,KY
21223,2022,4075.81,Trimble,KY
21225,2022,6481.95,Union,KY
21227,2022,64380.45,Warren,KY
21229,2022,5501.03,Washington,KY
21231,2022,7320.51,Wayne,KY
21233,2022,6525.31,Webster,KY
21235,2022,15606.72,Whitley,KY
21237,2022,2878.81,Wolfe,KY
21239,2022,17188.47,Woodford,KY
22001,2022,26375.2,Acadia,LA
22003,2022,9667.6,Allen,LA
22005,2022,78131.54,Ascension,LA
22007,2022,11952.34,Assumption,LA
22009,2022,17568.15,Avoyelles,LA
22011,2022,18543.81,Beauregard,LA
22013,2022,5686.95,Bienville,LA
22015,2022,69176.0,Bossier,LA
22017,2022,140051.84,Caddo,LA
22019,2022,106115.64,Calcasieu,LA
22021,2022,3792.82,Caldwell,LA
22023,2022,3168.33,Cameron,LA
22025,2022,3803.96,Catahoula,LA
22027,2022,5930.0,Claiborne,LA
22029,2022,7795.77,Concordia,LA
22031,2022,14722.23,De Soto,LA
22033,2022,283203.09,East Baton Rouge,LA
22035,2022,2451.93,East Carroll,LA
22037,2022,9059.87,East Feliciana,LA
22039,2022,13008.13,Evangeline,LA
22041,2022,7670.94,Franklin,LA
22043,2022,8462.58,Grant,LA
22045,2022,32095.76,Iberia,LA
22047,2022,15697.15,Iberville,LA
22049,2022,6324.5,Jackson,LA
22051,2022,254525.2,Jefferson,LA
22053,2022,14981.59,Jefferson Davis,LA
22055,2022,154693.5,Lafayette,LA
22057,2022,50980.46,Lafourche,LA
22059,2022,5679.08,LaSalle,LA
22061,2022,23399.97,Lincoln,LA
22063,2022,72898.21,Livingston,LA
22065,2022,3994.36,Madison,LA
22067,2022,10493.32,Morehouse,LA
22069,2022,17957.01,Natchitoches,LA
22071,2022,234596.27,Orleans,LA
22073,2022,74600.58,Ouachita,LA
22075,2022,12756.25,Plaquemines,LA
22077,2022,11647.66,Pointe Coupee,LA
22079,2022,68457.62,Rapides,LA
22081,2022,4174.47,Red River,LA
22083,2022,8907.06,Richland,LA
22085,2022,10384.12,Sabine,LA
22087,2022,18545.57,St. Bernard,LA
22089,2022,29398.0,St. Charles,LA
22091,2022,5069.03,St. Helena,LA
22093,2022,12851.91,St. James,LA
22095,2022,18490.88,St. John the Baptist,LA
22097,2022,38127.92,St. Landry,LA
22099,2022,23816.51,St. Martin,LA
22101,2022,23204.82,St. Mary,LA
22103,2022,202724.4,St. Tammany,LA
22105,2022,65236.58,Tangipahoa,LA
22107,2022,1850.71,Tensas,LA
22109,2022,52486.73,Terrebonne,LA
22111,2022,10093.91,Union,LA
22113,2022,27018.63,Vermilion,LA
22115,2022,22958.65,Vernon,LA
22117,2022,18953.24,Washington,LA
22119,2022,18233.18,Webster,LA
22121,2022,15103.64,West Baton Rouge,LA
22123,2022,4011.15,West Carroll,LA
22125,2022,6886.3,West Feliciana,LA
22127,2022,6225.73,Winn,LA
23001,2022,57842.77,Androscoggin,ME
23003,2022,34717.53,Aroostook,ME
23005,2022,245431.36,Cumberland,ME
23007,2022,14691.45,Franklin,ME
23009,2022,36370.97,Hancock,ME
23011,2022,70305.57,Kennebec,ME
23013,2022,26185.03,Knox,ME
23015,2022,22783.26,Lincoln,ME
23017,2022,28456.38,Oxford,ME
23019,2022,80734.92,Penobscot,ME
23021,2022,9209.84,Piscataquis,ME
23023,2022,23501.0,Sagadahoc,ME
23025,2022,24596.45,Somerset,ME
23027,2022,22210.98,Waldo,ME
23029,2022,15700.02,Washington,ME
23031,2022,144342.41,York,ME
24001,2022,31556.66,Allegany,MD
24003,2022,470734.58,Anne Arundel,MD
24005,2022,596086.7,Baltimore,MD
24009,2022,67541.05,Calvert,MD
24011,2022,19020.61,Caroline,MD
24013,2022,124049.26,Carroll,MD
24015,2022,59001.17,Cecil,MD
24017,2022,107277.56,Charles,MD
24019,2022,18212.59,Dorchester,MD
24021,2022,206080.62,Frederick,MD
24023,2022,15397.78,Garrett,MD
24025,2022,177612.95,Harford,MD
24027,2022,302014.52,Howard,MD
24029,2022,13988.51,Kent,MD
24031,2022,994879.08,Montgomery,MD
24033,2022,517101.99,Prince George's,MD
24035,2022,40992.45,Queen Anne's,MD
24037,2022,76327.35,St. Mary's,MD
24039,2022,9847.67,Somerset,MD
24041,2022,34664.02,Talbot,MD
24043,2022,83065.14,Washington,MD
24045,2022,50052.69,Wicomico,MD
24047,2022,35894.09,Worcester,MD
24510,2022,346013.8,Baltimore (Independent City),MD
25001,2022,200341.87,Barnstable,MA
25003,2022,84609.81,Berkshire,MA
25005,2022,373968.66,Bristol,MA
25007,2022,18963.89,Dukes,MA
25009,2022,646339.5,Essex,MA
25011,2022,45105.63,Franklin,MA
25013,2022,281453.52,Hampden,MA
25015,2022,98092.96,Hampshire,MA
25017,2022,1671816.36,Middlesex,MA
25019,2022,16056.6,Nantucket,MA
25021,2022,794322.09,Norfolk,MA
25023,2022,430853.06,Plymouth,MA
25025,2022,783057.77,Suffolk,MA
25027,2022,574113.89,Worcester,MA
26001,2022,5038.15,Alcona,MI
26003,2022,3672.73,Alger,MI
26005,2022,66948.24,Allegan,MI
26007,2022,14063.31,Alpena,MI
26009,2022,13563.06,Antrim,MI
26011,2022,7059.61,Arenac,MI
26013,2022,3381.79,Baraga,MI
26015,2022,36101.42,Barry,MI
26017,2022,51253.07,Bay,MI
26019,2022,10378.71,Benzie,MI
26021,2022,92249.46,Berrien,MI
26023,2022,19518.55,Branch,MI
26025,2022,61655.63,Calhoun,MI
26027,2022,29380.84,Cass,MI
26029,2022,17586.72,Charlevoix,MI
26031,2022,12410.16,Cheboygan,MI
26033,2022,15759.32,Chippewa,MI
26035,2022,12903.81,Clare,MI
26037,2022,45571.17,Clinton,MI
26039,2022,5562.4,Crawford,MI
26041,2022,16665.21,Delta,MI
26043,2022,14110.16,Dickinson,MI
26045,2022,55850.3,Eaton,MI
26047,2022,24103.45,Emmet,MI
26049,2022,195737.93,Genesee,MI
26051,2022,11330.62,Gladwin,MI
26053,2022,6970.92,Gogebic,MI
26055,2022,61072.07,Grand Traverse,MI
26057,2022,18106.21,Gratiot,MI
26059,2022,19574.43,Hillsdale,MI
26061,2022,16020.28,Houghton,MI
26063,2022,17665.72,Huron,MI
26065,2022,142157.54,Ingham,MI
26067,2022,27453.72,Ionia,MI
26069,2022,11816.94,Iosco,MI
26071,2022,5608.91,Iron,MI
26073,2022,29350.61,Isabella,MI
26075,2022,74353.4,Jackson,MI
26077,2022,158888.77,Kalamazoo,MI
26079,2022,7952.73,Kalkaska,MI
26081,2022,445131.7,Kent,MI
26083,2022,1213.15,Keweenaw,MI
26085,2022,4610.02,Lake,MI
26087,2022,45102.27,Lapeer,MI
26089,2022,18290.11,Leelanau,MI
26091,2022,47774.46,Lenawee,MI
26093,2022,134630.17,Livingston,MI
26095,2022,2258.73,Luce,MI
26097,2022,5850.76,Mackinac,MI
26099,2022,486231.65,Macomb,MI
26101,2022,11699.33,Manistee,MI
26103,2022,31142.12,Marquette,MI
26105,2022,14062.93,Mason,MI
26107,2022,17432.17,Mecosta,MI
26109,2022,11184.84,Menominee,MI
26111,2022,50648.23,Midland,MI
26113,2022,6614.43,Missaukee,MI
26115,2022,88421.94,Monroe,MI
26117,2022,27692.48,Montcalm,MI
26119,2022,4018.55,Montmorency,MI
26121,2022,83310.03,Muskegon,MI
26123,2022,22616.42,Newaygo,MI
26125,2022,1085836.65,Oakland,MI
26127,2022,12433.58,Oceana,MI
26129,2022,8586.31,Ogemaw,MI
26131,2022,2752.28,Ontonagon,MI
26133,2022,10990.21,Osceola,MI
26135,2022,3748.43,Oscoda,MI
26137,2022,12352.41,Otsego,MI
26139,2022,181078.36,Ottawa,MI
26141,2022,6224.19,Presque Isle,MI
26143,2022,10391.27,Roscommon,MI
26145,2022,90585.75,Saginaw,MI
26147,2022,84368.27,St. Clair,MI
26149,2022,29104.59,St. Joseph,MI
26151,2022,19197.43,Sanilac,MI
26153,2022,3706.27,Schoolcraft,MI
26155,2022,32613.98,Shiawassee,MI
26157,2022,23615.59,Tuscola,MI
26159,2022,38063.85,Van Buren,MI
26161,2022,267061.33,Washtenaw,MI
26163,2022,883703.94,Wayne,MI
26165,2022,15011.63,Wexford,MI
27001,2022,7907.67,Aitkin,MN
27003,2022,223218.07,Anoka,MN
27005,2022,20348.85,Becker,MN
27007,2022,23765.44,Beltrami,MN
27009,2022,22740.98,Benton,MN
27011,2022,3588.39,Big Stone,MN
27013,2022,37546.53,Blue Earth,MN
27015,2022,16201.24,Brown,MN
27017,2022,18534.43,Carlton,MN
27019,2022,97363.99,Carver,MN
27021,2022,17301.88,Cass,MN
27023,2022,6962.18,Chippewa,MN
27025,2022,34575.6,Chisago,MN
27027,2022,34791.09,Clay,MN
27029,2022,4542.23,Clearwater,MN
27031,2022,3414.43,Cook,MN
27033,2022,7230.05,Cottonwood,MN
27035,2022,36852.86,Crow Wing,MN
27037,2022,318381.83,Dakota,MN
27039,2022,12570.47,Dodge,MN
27041,2022,25300.48,Douglas,MN
27043,2022,8001.57,Faribault,MN
27045,2022,11996.43,Fillmore,MN
27047,2022,17008.13,Freeborn,MN
27049,2022,30790.19,Goodhue,MN
27051,2022,3894.36,Grant,MN
27053,2022,1148883.82,Hennepin,MN
27055,2022,11517.22,Houston,MN
27057,2022,12042.44,Hubbard,MN
27059,2022,22650.68,Isanti,MN
27061,2022,23709.18,Itasca,MN
27063,2022,6396.54,Jackson,MN
27065,2022,8258.6,Kanabec,MN
27067,2022,26687.06,Kandiyohi,MN
27069,2022,2914.59,Kittson,MN
27071,2022,6293.44,Koochiching,MN
27073,2022,4693.19,Lac qui Parle,MN
27075,2022,5965.41,Lake,MN
27077,2022,2336.05,Lake of the Woods,MN
27079,2022,17934.97,Le Sueur,MN
27081,2022,3524.04,Lincoln,MN
27083,2022,15732.31,Lyon,MN
27085,2022,21947.66,McLeod,MN
27087,2022,2651.27,Mahnomen,MN
27089,2022,7079.95,Marshall,MN
27091,2022,12740.35,Martin,MN
27093,2022,13163.67,Meeker,MN
27095,2022,13953.66,Mille Lacs,MN
27097,2022,18255.99,Morrison,MN
27099,2022,22131.77,Mower,MN
27101,2022,5761.92,Murray,MN
27103,2022,20398.06,Nicollet,MN
27105,2022,13151.56,Nobles,MN
27107,2022,3952.23,Norman,MN
27109,2022,112434.58,Olmsted,MN
27111,2022,35190.96,Otter Tail,MN
27113,2022,9280.77,Pennington,MN
27115,2022,13362.75,Pine,MN
27117,2022,6660.95,Pipestone,MN
27119,2022,18841.75,Polk,MN
27121,2022,7320.42,Pope,MN
27123,2022,356857.72,Ramsey,MN
27125,2022,2827.02,Red Lake,MN
27127,2022,11678.13,Redwood,MN
27129,2022,9704.29,Renville,MN
27131,2022,36368.44,Rice,MN
27133,2022,6212.6,Rock,MN
27135,2022,9487.8,Roseau,MN
27137,2022,113316.32,St. Louis,MN
27139,2022,118920.21,Scott,MN
27141,2022,57456.6,Sherburne,MN
27143,2022,9120.01,Sibley,MN
27145,2022,97730.77,Stearns,MN
27147,2022,21108.19,Steele,MN
27149,2022,6274.89,Stevens,MN
27151,2022,6911.75,Swift,MN
27153,2022,15097.82,Todd,MN
27155,2022,2953.41,Traverse,MN
27157,2022,13219.18,Wabasha,MN
27159,2022,6865.57,Wadena,MN
27161,2022,11317.1,Waseca,MN
27163,2022,219538.59,Washington,MN
27165,2022,6469.36,Watonwan,MN
27167,2022,4817.5,Wilkin,MN
27169,2022,28415.9,Winona,MN
27171,2022,92222.25,Wright,MN
27173,2022,6919.21,Yellow Medicine,MN
28001,2022,12479.93,Adams,MS
28003,2022,15310.88,Alcorn,MS
28005,2022,4983.0,Amite,MS
28007,2022,7178.12,Attala,MS
28009,2022,3147.5,Benton,MS
28011,2022,13888.12,Bolivar,MS
28013,2022,5263.83,Calhoun,MS
28015,2022,4213.71,Carroll,MS
28017,2022,6627.61,Chickasaw,MS
28019,2022,3266.37,Choctaw,MS
28021,2022,3208.42,Claiborne,MS
28023,2022,6685.85,Clarke,MS
28025,2022,8896.89,Clay,MS
28027,2022,9205.69,Coahoma,MS
28029,2022,11112.27,Copiah,MS
28031,2022,8625.85,Covington,MS
28033,2022,101741.59,DeSoto,MS
28035,2022,33616.19,Forrest,MS
28037,2022,3109.7,Franklin,MS
28039,2022,9984.75,George,MS
28041,2022,4596.62,Greene,MS
28043,2022,8961.78,Grenada,MS
28045,2022,20958.14,Hancock,MS
28047,2022,96731.52,Harrison,MS
28049,2022,105641.9,Hinds,MS
28051,2022,5750.0,Holmes,MS
28053,2022,3038.67,Humphreys,MS
28055,2022,427.34,Issaquena,MS
28057,2022,9867.98,Itawamba,MS
28059,2022,65859.87,Jackson,MS
28061,2022,7563.99,Jasper,MS
28063,2022,2801.95,Jefferson,MS
28065,2022,4208.43,Jefferson Davis,MS
28067,2022,32038.3,Jones,MS
28069,2022,3245.02,Kemper,MS
28071,2022,28832.45,Lafayette,MS
28073,2022,32665.18,Lamar,MS
28075,2022,33805.98,Lauderdale,MS
28077,2022,5287.37,Lawrence,MS
28079,2022,8990.3,Leake,MS
28081,2022,43092.3,Lee,MS
28083,2022,13106.67,Leflore,MS
28085,2022,15814.96,Lincoln,MS
28087,2022,27854.12,Lowndes,MS
28089,2022,89786.8,Madison,MS
28091,2022,9865.89,Marion,MS
28093,2022,15039.11,Marshall,MS
28095,2022,14525.21,Monroe,MS
28097,2022,3966.71,Montgomery,MS
28099,2022,13518.32,Neshoba,MS
28101,2022,8636.14,Newton,MS
28103,2022,4295.26,Noxubee,MS
28105,2022,20414.67,Oktibbeha,MS
28107,2022,13524.45,Panola,MS
28109,2022,25181.34,Pearl River,MS
28111,2022,4255.86,Perry,MS
28113,2022,14722.09,Pike,MS
28115,2022,13195.66,Pontotoc,MS
28117,2022,9494.71,Prentiss,MS
28119,2022,2404.19,Quitman,MS
28121,2022,85394.58,Rankin,MS
28123,2022,10729.53,Scott,MS
28125,2022,1871.13,Sharkey,MS
28127,2022,11852.06,Simpson,MS
28129,2022,6849.28,Smith,MS
28131,2022,7485.42,Stone,MS
28133,2022,9171.66,Sunflower,MS
28135,2022,5101.71,Tallahatchie,MS
28137,2022,12746.71,Tate,MS
28139,2022,9160.27,Tippah,MS
28141,2022,7910.32,Tishomingo,MS
28143,2022,4374.61,Tunica,MS
28145,2022,11567.94,Union,MS
28147,2022,5291.35,Walthall,MS
28149,2022,21103.9,Warren,MS
28151,2022,19394.21,Washington,MS
28153,2022,9015.36,Wayne,MS
28155,2022,4407.18,Webster,MS
28157,2022,2904.96,Wilkinson,MS
28159,2022,7652.94,Winston,MS
28161,2022,5238.35,Yalobusha,MS
28163,2022,9497.98,Yazoo,MS
29001,2022,9436.69,Adair,MO
29003,2022,9425.61,Andrew,MO
29005,2022,2956.64,Atchison,MO
29007,2022,11331.73,Audrain,MO
29009,2022,15908.68,Barry,MO
29011,2022,5390.26,Barton,MO
29013,2022,7877.0,Bates,MO
29015,2022,8970.18,Benton,MO
29017,2022,4883.42,Bollinger,MO
29019,2022,106290.7,Boone,MO
29021,2022,40787.21,Buchanan,MO
29023,2022,18369.9,Butler,MO
29025,2022,4139.96,Caldwell,MO
29027,2022,21135.29,Callaway,MO
29029,2022,22418.45,Camden,MO
29031,2022,42176.46,Cape Girardeau,MO
29033,2022,5132.79,Carroll,MO
29035,2022,2502.02,Carter,MO
29037,2022,62815.85,Cass,MO
29039,2022,5445.81,Cedar,MO
29041,2022,3907.89,Chariton,MO
29043,2022,46652.95,Christian,MO
29045,2022,3036.68,Clark,MO
29047,2022,146715.38,Clay,MO
29049,2022,10794.01,Clinton,MO
29051,2022,44266.23,Cole,MO
29053,2022,8668.62,Cooper,MO
29055,2022,10292.45,Crawford,MO
29057,2022,3422.51,Dade,MO
29059,2022,7149.23,Dallas,MO
29061,2022,3290.9,Daviess,MO
29063,2022,4317.61,DeKalb,MO
29065,2022,6181.32,Dent,MO
29067,2022,4553.83,Douglas,MO
29069,2022,12256.35,Dunklin,MO
29071,2022,57004.22,Franklin,MO
29073,2022,7051.6,Gasconade,MO
29075,2022,3097.19,Gentry,MO
29077,2022,160781.85,Greene,MO
29079,2022,4097.6,Grundy,MO
29081,2022,3649.43,Harrison,MO
29083,2022,11193.26,Henry,MO
29085,2022,3425.92,Hickory,MO
29087,2022,2685.82,Holt,MO
29089,2022,5098.07,Howard,MO
29091,2022,16878.09,Howell,MO
29093,2022,3969.17,Iron,MO
29095,2022,390532.72,Jackson,MO
29097,2022,56120.54,Jasper,MO
29099,2022,119231.63,Jefferson,MO
29101,2022,24232.37,Johnson,MO
29103,2022,1723.57,Knox,MO
29105,2022,16525.4,Laclede,MO
29107,2022,17113.94,Lafayette,MO
29109,2022,15872.46,Lawrence,MO
29111,2022,4268.81,Lewis,MO
29113,2022,31573.86,Lincoln,MO
29115,2022,5487.12,Linn,MO
29117,2022,7124.75,Livingston,MO
29119,2022,9213.04,McDonald,MO
29121,2022,8101.55,Macon,MO
29123,2022,5417.69,Madison,MO
29125,2022,3530.15,Maries,MO
29127,2022,14196.8,Marion,MO
29129,2022,1357.4,Mercer,MO
29131,2022,11181.99,Miller,MO
29133,2022,4997.04,Mississippi,MO
29135,2022,7541.68,Moniteau,MO
29137,2022,4344.34,Monroe,MO
29139,2022,5862.85,Montgomery,MO
29141,2022,10515.42,Morgan,MO
29143,2022,8266.91,New Madrid,MO
29145,2022,28351.39,Newton,MO
29147,2022,8739.94,Nodaway,MO
29149,2022,3833.85,Oregon,MO
29151,2022,7216.61,Osage,MO
29153,2022,3662.53,Ozark,MO
29155,2022,7083.65,Pemiscot,MO
29157,2022,9417.76,Perry,MO
29159,2022,19789.01,Pettis,MO
29161,2022,20415.79,Phelps,MO
29163,2022,7537.51,Pike,MO
29165,2022,76354.37,Platte,MO
29167,2022,14226.44,Polk,MO
29169,2022,23964.13,Pulaski,MO
29171,2022,2031.88,Putnam,MO
29173,2022,5034.07,Ralls,MO
29175,2022,12750.31,Randolph,MO
29177,2022,11411.42,Ray,MO
29179,2022,2467.77,Reynolds,MO
29181,2022,4890.98,Ripley,MO
29183,2022,269417.6,St. Charles,MO
29185,2022,3589.12,St. Clair,MO
29186,2022,8896.98,Ste. Genevieve,MO
29187,2022,28555.26,St. Francois,MO
29189,2022,934238.02,St. Louis,MO
29195,2022,11265.79,Saline,MO
29197,2022,1681.38,Schuyler,MO
29199,2022,2400.14,Scotland,MO
29201,2022,19168.56,Scott,MO
29203,2022,2960.79,Shannon,MO
29205,2022,3014.52,Shelby,MO
29207,2022,13550.23,Stoddard,MO
29209,2022,15761.76,Stone,MO
29211,2022,2655.33,Sullivan,MO
29213,2022,26088.65,Taney,MO
29215,2022,9350.72,Texas,MO
29217,2022,8779.4,Vernon,MO
29219,2022,19193.6,Warren,MO
29221,2022,8914.32,Washington,MO
29223,2022,4596.85,Wayne,MO
29225,2022,16996.16,Webster,MO
29227,2022,839.7,Worth,MO
29229,2022,7437.95,Wright,MO
29510,2022,170291.51,St. Louis (Independent City),MO
30001,2022,5707.06,Beaverhead,MT
30003,2022,4928.08,Big Horn,MT
30005,2022,2661.09,Blaine,MT
30007,2022,4046.33,Broadwater,MT
30009,2022,7230.9,Carbon,MT
30011,2022,633.33,Carter,MT
30013,2022,48584.39,Cascade,MT
30015,2022,3264.01,Chouteau,MT
30017,2022,6450.53,Custer,MT
30019,2022,1072.96,Daniels,MT
30021,2022,4518.81,Dawson,MT
30023,2022,4623.62,Deer Lodge,MT
30025,2022,1564.98,Fallon,MT
30027,2022,6244.25,Fergus,MT
30029,2022,72435.08,Flathead,MT
30031,2022,102112.09,Gallatin,MT
30033,2022,622.79,Garfield,MT
30035,2022,6295.56,Glacier,MT
30037,2022,455.78,Golden Valley,MT
30039,2022,1805.31,Granite,MT
30041,2022,8704.97,Hill,MT
30043,2022,7715.41,Jefferson,MT
30045,2022,1238.43,Judith Basin,MT
30047,2022,15454.62,Lake,MT
30049,2022,43356.44,Lewis and Clark,MT
30051,2022,1391.25,Liberty,MT
30053,2022,9787.62,Lincoln,MT
30055,2022,932.55,McCone,MT
30057,2022,6582.45,Madison,MT
30059,2022,1100.97,Meagher,MT
30061,2022,2243.06,Mineral,MT
30063,2022,77613.0,Missoula,MT
30065,2022,2537.39,Musselshell,MT
30067,2022,11048.59,Park,MT
30069,2022,210.43,Petroleum,MT
30071,2022,1975.25,Phillips,MT
30073,2022,3772.92,Pondera,MT
30075,2022,787.29,Powder River,MT
30077,2022,3460.75,Powell,MT
30079,2022,625.32,Prairie,MT
30081,2022,27881.41,Ravalli,MT
30083,2022,7610.79,Richland,MT
30085,2022,4692.7,Roosevelt,MT
30087,2022,4393.42,Rosebud,MT
30089,2022,5784.65,Sanders,MT
30091,2022,1921.22,Sheridan,MT
30093,2022,20588.41,Silver Bow,MT
30095,2022,5974.61,Stillwater,MT
30097,2022,2126.69,Sweet Grass,MT
30099,2022,3770.09,Teton,MT
30101,2022,3117.26,Toole,MT
30103,2022,433.26,Treasure,MT
30105,2022,4638.37,Valley,MT
30107,2022,1057.52,Wheatland,MT
30109,2022,440.35,Wibaux,MT
30111,2022,111097.74,Yellowstone,MT
31001,2022,19767.04,Adams,NE
31003,2022,4462.98,Antelope,NE
31005,2022,230.07,Arthur,NE
31007,2022,473.32,Banner,NE
31009,2022,264.75,Blaine,NE
31011,2022,3571.07,Boone,NE
31013,2022,6119.91,Box Butte,NE
31015,2022,1417.76,Boyd,NE
31017,2022,1781.58,Brown,NE
31019,2022,34939.23,Buffalo,NE
31021,2022,3771.87,Burt,NE
31023,2022,5656.31,Butler,NE
31025,2022,17399.27,Cass,NE
31027,2022,5473.81,Cedar,NE
31029,2022,2840.3,Chase,NE
31031,2022,3142.72,Cherry,NE
31033,2022,4949.6,Cheyenne,NE
31035,2022,3886.96,Clay,NE
31037,2022,6053.78,Colfax,NE
31039,2022,6841.58,Cuming,NE
31041,2022,6237.02,Custer,NE
31043,2022,12625.72,Dakota,NE
31045,2022,3812.44,Dawes,NE
31047,2022,12577.53,Dawson,NE
31049,2022,916.55,Deuel,NE
31051,2022,3237.11,Dixon,NE
31053,2022,23071.19,Dodge,NE
31055,2022,454233.74,Douglas,NE
31057,2022,1579.83,Dundy,NE
31059,2022,4203.58,Fillmore,NE
31061,2022,1762.83,Franklin,NE
31063,2022,1594.02,Frontier,NE
31065,2022,2926.51,Furnas,NE
31067,2022,16361.96,Gage,NE
31069,2022,1064.35,Garden,NE
31071,2022,927.0,Garfield,NE
31073,2022,1265.77,Gosper,NE
31075,2022,291.94,Grant,NE
31077,2022,1484.85,Greeley,NE
31079,2022,34938.76,Hall,NE
31081,2022,6482.77,Hamilton,NE
31083,2022,1998.55,Harlan,NE
31085,2022,760.13,Hayes,NE
31087,2022,1693.92,Hitchcock,NE
31089,2022,6474.03,Holt,NE
31091,2022,322.79,Hooker,NE
31093,2022,3727.53,Howard,NE
31095,2022,4152.65,Jefferson,NE
31097,2022,2402.46,Johnson,NE
31099,2022,5520.34,Kearney,NE
31101,2022,4586.43,Keith,NE
31103,2022,502.51,Keya Paha,NE
31105,2022,2065.72,Kimball,NE
31107,2022,5236.59,Knox,NE
31109,2022,202094.92,Lancaster,NE
31111,2022,22503.42,Lincoln,NE
31113,2022,396.03,Logan,NE
31115,2022,357.32,Loup,NE
31117,2022,238.87,McPherson,NE
31119,2022,22645.32,Madison,NE
31121,2022,4634.86,Merrick,NE
31123,2022,3190.8,Morrill,NE
31125,2022,1715.07,Nance,NE
31127,2022,4070.11,Nemaha,NE
31129,2022,2709.39,Nuckolls,NE
31131,2022,9573.14,Otoe,NE
31133,2022,1477.77,Pawnee,NE
31135,2022,2881.65,Perkins,NE
31137,2022,5703.62,Phelps,NE
31139,2022,7611.66,Pierce,NE
31141,2022,20013.48,Platte,NE
31143,2022,3620.87,Polk,NE
31145,2022,5939.02,Red Willow,NE
31147,2022,4536.02,Richardson,NE
31149,2022,976.75,Rock,NE
31151,2022,7613.24,Saline,NE
31153,2022,124173.54,Sarpy,NE
31155,2022,15571.89,Saunders,NE
31157,2022,19081.49,Scotts Bluff,NE
31159,2022,11235.03,Seward,NE
31161,2022,3235.31,Sheridan,NE
31163,2022,1755.54,Sherman,NE
31165,2022,802.06,Sioux,NE
31167,2022,3501.04,Stanton,NE
31169,2022,3150.56,Thayer,NE
31171,2022,441.77,Thomas,NE
31173,2022,3765.26,Thurston,NE
31175,2022,2733.63,Valley,NE
31177,2022,14796.5,Washington,NE
31179,2022,5388.28,Wayne,NE
31181,2022,1965.01,Webster,NE
31183,2022,501.53,Wheeler,NE
31185,2022,9203.08,York,NE
32001,2022,14065.02,Churchill,NV
32003,2022,1395448.08,Clark,NV
32005,2022,47034.7,Douglas,NV
32007,2022,29617.16,Elko,NV
32009,2022,459.27,Esmeralda,NV
32011,2022,1004.24,Eureka,NV
32013,2022,9658.92,Humboldt,NV
32015,2022,4421.25,Lander,NV
32017,2022,2239.42,Lincoln,NV
32019,2022,29640.85,Lyon,NV
32021,2022,2176.9,Mineral,NV
32023,2022,23138.59,Nye,NV
32027,2022,2681.52,Pershing,NV
32029,2022,3191.82,Storey,NV
32031,2022,380116.13,Washoe,NV
32033,2022,5137.99,White Pine,NV
32510,2022,34819.21,Carson City (Independent City),NV
33001,2022,48755.6,Belknap,NH
33003,2022,38352.96,Carroll,NH
33005,2022,49270.15,Cheshire,NH
33007,2022,16669.15,Coos,NH
33009,2022,69335.25,Grafton,NH
33011,2022,310324.0,Hillsborough,NH
33013,2022,109098.92,Merrimack,NH
33015,2022,293556.84,Rockingham,NH
33017,2022,83309.96,Strafford,NH
33019,2022,28163.49,Sullivan,NH
34001,2022,157703.9,Atlantic,NJ
34003,2022,919537.12,Bergen,NJ
34005,2022,330503.46,Burlington,NJ
34007,2022,325222.58,Camden,NJ
34009,2022,69874.86,Cape May,NJ
34011,2022,72367.12,Cumberland,NJ
34013,2022,649939.03,Essex,NJ
34015,2022,191978.38,Gloucester,NJ
34017,2022,536335.83,Hudson,NJ
34019,2022,129353.71,Hunterdon,NJ
34021,2022,305006.9,Mercer,NJ
34023,2022,614510.55,Middlesex,NJ
34025,2022,609051.46,Monmouth,NJ
34027,2022,557521.2,Morris,NJ
34029,2022,385152.26,Ocean,NJ
34031,2022,295396.52,Passaic,NJ
34033,2022,35811.59,Salem,NJ
34035,2022,393292.48,Somerset,NJ
34037,2022,103857.18,Sussex,NJ
34039,2022,447432.39,Union,NJ
34041,2022,69886.67,Warren,NJ
35001,2022,378545.53,Bernalillo,NM
35003,2022,1584.33,Catron,NM
35005,2022,33690.57,Chaves,NM
35006,2022,9386.97,Cibola,NM
35007,2022,6098.23,Colfax,NM
35009,2022,26883.62,Curry,NM
35011,2022,1002.39,De Baca,NM
35013,2022,103328.74,Doa Ana,NM
35015,2022,43291.58,Eddy,NM
35017,2022,14201.53,Grant,NM
35019,2022,1908.01,Guadalupe,NM
35021,2022,315.89,Harding,NM
35023,2022,2162.63,Hidalgo,NM
35025,2022,39623.4,Lea,NM
35027,2022,10424.75,Lincoln,NM
35028,2022,16749.26,Los Alamos,NM
35029,2022,9865.19,Luna,NM
35031,2022,24766.08,McKinley,NM
35033,2022,2262.06,Mora,NM
35035,2022,29112.57,Otero,NM
35037,2022,4143.68,Quay,NM
35039,2022,17835.32,Rio Arriba,NM
35041,2022,9952.63,Roosevelt,NM
35043,2022,82200.06,Sandoval,NM
35045,2022,53244.08,San Juan,NM
35047,2022,12312.79,San Miguel,NM
35049,2022,113600.39,Santa Fe,NM
35051,2022,5670.28,Sierra,NM
35053,2022,7081.71,Socorro,NM
35055,2022,16346.16,Taos,NM
35057,2022,7006.72,Torrance,NM
35059,2022,1772.5,Union,NM
35061,2022,35439.4,Valencia,NM
36001,2022,232982.17,Albany,NY
36003,2022,19035.28,Allegany,NY
36005,2022,592360.27,Bronx,NY
36007,2022,97021.1,Broome,NY
36009,2022,35082.97,Cattaraugus,NY
36011,2022,38896.64,Cayuga,NY
36013,2022,59502.33,Chautauqua,NY
36015,2022,42639.16,Chemung,NY
36017,2022,23805.12,Chenango,NY
36019,2022,40831.92,Clinton,NY
36021,2022,42933.29,Columbia,NY
36023,2022,22627.82,Cortland,NY
36025,2022,21050.5,Delaware,NY
36027,2022,200754.89,Dutchess,NY
36029,2022,554536.71,Erie,NY
36031,2022,20185.26,Essex,NY
36033,2022,23239.98,Franklin,NY
36035,2022,26758.51,Fulton,NY
36037,2022,29421.53,Genesee,NY
36039,2022,27468.2,Greene,NY
36041,2022,2807.67,Hamilton,NY
36043,2022,29560.03,Herkimer,NY
36045,2022,61363.36,Jefferson,NY
36047,2022,1651413.13,Kings,NY
36049,2022,14755.19,Lewis,NY
36051,2022,31191.2,Livingston,NY
36053,2022,37722.46,Madison,NY
36055,2022,452496.25,Monroe,NY
36057,2022,24028.32,Montgomery,NY
36059,2022,1366372.95,Nassau,NY
36061,2022,3180592.65,New York,NY
36063,2022,111859.94,Niagara,NY
36065,2022,121006.82,Oneida,NY
36067,2022,285749.32,Onondaga,NY
36069,2022,69306.87,Ontario,NY
36071,2022,233501.59,Orange,NY
36073,2022,18310.81,Orleans,NY
36075,2022,56147.22,Oswego,NY
36077,2022,30448.52,Otsego,NY
36079,2022,78316.61,Putnam,NY
36081,2022,1306854.69,Queens,NY
36083,2022,92190.34,Rensselaer,NY
36085,2022,309727.79,Richmond,NY
36087,2022,229143.2,Rockland,NY
36089,2022,48899.1,St. Lawrence,NY
36091,2022,182045.74,Saratoga,NY
36093,2022,90958.04,Schenectady,NY
36095,2022,15222.98,Schoharie,NY
36097,2022,8846.82,Schuyler,NY
36099,2022,15865.23,Seneca,NY
36101,2022,50869.53,Steuben,NY
36103,2022,1276948.48,Suffolk,NY
36105,2022,43905.93,Sullivan,NY
36107,2022,24865.85,Tioga,NY
36109,2022,53806.35,Tompkins,NY
36111,2022,114355.77,Ulster,NY
36113,2022,41003.72,Warren,NY
36115,2022,29435.34,Washington,NY
36117,2022,50173.9,Wayne,NY
36119,2022,1221288.84,Westchester,NY
36121,2022,20158.26,Wyoming,NY
36123,2022,12419.75,Yates,NY
37001,2022,87139.62,Alamance,NC
37003,2022,17752.39,Alexander,NC
37005,2022,4970.58,Alleghany,NC
37007,2022,11356.19,Anson,NC
37009,2022,12214.51,Ashe,NC
37011,2022,8258.42,Avery,NC
37013,2022,24266.2,Beaufort,NC
37015,2022,8511.54,Bertie,NC
37017,2022,14657.75,Bladen,NC
37019,2022,89518.52,Brunswick,NC
37021,2022,169667.88,Buncombe,NC
37023,2022,40162.6,Burke,NC
37025,2022,129842.63,Cabarrus,NC
37027,2022,36706.02,Caldwell,NC
37029,2022,6189.58,Camden,NC
37031,2022,44493.6,Carteret,NC
37033,2022,9362.12,Caswell,NC
37035,2022,89997.92,Catawba,NC
37037,2022,65134.51,Chatham,NC
37039,2022,11825.71,Cherokee,NC
37041,2022,7075.63,Chowan,NC
37043,2022,5206.03,Clay,NC
37045,2022,46157.82,Cleveland,NC
37047,2022,22259.61,Columbus,NC
37049,2022,55352.56,Craven,NC
37051,2022,156567.82,Cumberland,NC
37053,2022,18052.63,Currituck,NC
37055,2022,28093.03,Dare,NC
37057,2022,85325.68,Davidson,NC
37059,2022,26723.43,Davie,NC
37061,2022,27363.9,Duplin,NC
37063,2022,203351.44,Durham,NC
37065,2022,21788.52,Edgecombe,NC
37067,2022,225550.96,Forsyth,NC
37069,2022,34996.18,Franklin,NC
37071,2022,117122.64,Gaston,NC
37073,2022,5292.7,Gates,NC
37075,2022,3328.24,Graham,NC
37077,2022,29549.12,Granville,NC
37079,2022,8149.66,Greene,NC
37081,2022,309730.99,Guilford,NC
37083,2022,21575.42,Halifax,NC
37085,2022,63271.44,Harnett,NC
37087,2022,31806.57,Haywood,NC
37089,2022,65593.15,Henderson,NC
37091,2022,8726.63,Hertford,NC
37093,2022,22436.83,Hoke,NC
37095,2022,2281.79,Hyde,NC
37097,2022,124340.26,Iredell,NC
37099,2022,19663.0,Jackson,NC
37101,2022,117739.63,Johnston,NC
37103,2022,4676.41,Jones,NC
37105,2022,33276.7,Lee,NC
37107,2022,28348.75,Lenoir,NC
37109,2022,54329.73,Lincoln,NC
37111,2022,20182.03,McDowell,NC
37113,2022,18815.11,Macon,NC
37115,2022,9839.76,Madison,NC
37117,2022,9168.98,Martin,NC
37119,2022,897309.83,Mecklenburg,NC
37121,2022,6660.95,Mitchell,NC
37123,2022,12165.18,Montgomery,NC
37125,2022,68167.02,Moore,NC
37127,2022,48771.55,Nash,NC
37129,2022,145524.52,New Hanover,NC
37131,2022,8175.77,Northampton,NC
37133,2022,108219.31,Onslow,NC
37135,2022,116336.84,Orange,NC
37137,2022,6532.76,Pamlico,NC
37139,2022,19696.36,Pasquotank,NC
37141,2022,33683.18,Pender,NC
37143,2022,7076.84,Perquimans,NC
37145,2022,18382.98,Person,NC
37147,2022,93904.95,Pitt,NC
37149,2022,12497.02,Polk,NC
37151,2022,69322.64,Randolph,NC
37153,2022,19683.65,Richmond,NC
37155,2022,49549.45,Robeson,NC
37157,2022,42553.74,Rockingham,NC
37159,2022,69889.66,Rowan,NC
37161,2022,27702.66,Rutherford,NC
37163,2022,28562.3,Sampson,NC
37165,2022,14351.22,Scotland,NC
37167,2022,31119.74,Stanly,NC
37169,2022,21253.08,Stokes,NC
37171,2022,35478.88,Surry,NC
37173,2022,7352.19,Swain,NC
37175,2022,18851.43,Transylvania,NC
37177,2022,1506.76,Tyrrell,NC
37179,2022,173212.2,Union,NC
37181,2022,18496.21,Vance,NC
37183,2022,903514.52,Wake,NC
37185,2022,7028.17,Warren,NC
37187,2022,4955.13,Washington,NC
37189,2022,27193.26,Watauga,NC
37191,2022,58067.94,Wayne,NC
37193,2022,32252.19,Wilkes,NC
37195,2022,39136.25,Wilson,NC
37197,2022,18222.45,Yadkin,NC
37199,2022,8088.48,Yancey,NC
38001,2022,1291.31,Adams,ND
38003,2022,8016.78,Barnes,ND
38005,2022,3875.46,Benson,ND
38007,2022,840.42,Billings,ND
38009,2022,5687.19,Bottineau,ND
38011,2022,2088.8,Bowman,ND
38013,2022,2190.97,Burke,ND
38015,2022,72037.5,Burleigh,ND
38017,2022,135002.84,Cass,ND
38019,2022,4858.82,Cavalier,ND
38021,2022,4843.38,Dickey,ND
38023,2022,1635.35,Divide,ND
38025,2022,4103.2,Dunn,ND
38027,2022,2075.51,Eddy,ND
38029,2022,2951.36,Emmons,ND
38031,2022,2944.63,Foster,ND
38033,2022,956.7,Golden Valley,ND
38035,2022,44424.51,Grand Forks,ND
38037,2022,1436.09,Grant,ND
38039,2022,2124.61,Griggs,ND
38041,2022,1647.48,Hettinger,ND
38043,2022,1934.58,Kidder,ND
38045,2022,3814.45,LaMoure,ND
38047,2022,1532.93,Logan,ND
38049,2022,4030.78,McHenry,ND
38051,2022,2135.68,McIntosh,ND
38053,2022,11138.79,McKenzie,ND
38055,2022,7671.31,McLean,ND
38057,2022,5420.14,Mercer,ND
38059,2022,20892.05,Morton,ND
38061,2022,7784.41,Mountrail,ND
38063,2022,2755.85,Nelson,ND
38065,2022,1140.84,Oliver,ND
38067,2022,6032.68,Pembina,ND
38069,2022,2900.24,Pierce,ND
38071,2022,7975.19,Ramsey,ND
38073,2022,4309.53,Ransom,ND
38075,2022,2587.9,Renville,ND
38077,2022,11008.04,Richland,ND
38079,2022,6873.73,Rolette,ND
38081,2022,3519.31,Sargent,ND
38083,2022,1213.42,Sheridan,ND
38085,2022,1482.36,Sioux,ND
38087,2022,433.67,Slope,ND
38089,2022,22415.38,Stark,ND
38091,2022,1950.08,Steele,ND
38093,2022,14554.16,Stutsman,ND
38095,2022,2616.04,Towner,ND
38097,2022,5909.64,Traill,ND
38099,2022,7850.82,Walsh,ND
38101,2022,44171.16,Ward,ND
38103,2022,4142.99,Wells,ND
38105,2022,27648.52,Williams,ND
39001,2022,11886.73,Adams,OH
39003,2022,51515.02,Allen,OH
39005,2022,25093.34,Ashland,OH
39007,2022,46242.54,Ashtabula,OH
39009,2022,25087.0,Athens,OH
39011,2022,26144.51,Auglaize,OH
39013,2022,31637.62,Belmont,OH
39015,2022,20522.96,Brown,OH
39017,2022,217364.16,Butler,OH
39019,2022,12909.92,Carroll,OH
39021,2022,19098.32,Champaign,OH
39023,2022,64777.38,Clark,OH
39025,2022,127471.02,Clermont,OH
39027,2022,21661.36,Clinton,OH
39029,2022,45616.43,Columbiana,OH
39031,2022,15554.04,Coshocton,OH
39033,2022,19175.64,Crawford,OH
39035,2022,800870.53,Cuyahoga,OH
39037,2022,27181.99,Darke,OH
39039,2022,18381.94,Defiance,OH
39041,2022,199571.45,Delaware,OH
39043,2022,43312.63,Erie,OH
39045,2022,90855.29,Fairfield,OH
39047,2022,13756.92,Fayette,OH
39049,2022,808215.57,Franklin,OH
39051,2022,22759.52,Fulton,OH
39053,2022,13769.8,Gallia,OH
39055,2022,77694.34,Geauga,OH
39057,2022,102709.59,Greene,OH
39059,2022,18648.16,Guernsey,OH
39061,2022,594818.1,Hamilton,OH
39063,2022,44622.21,Hancock,OH
39065,2022,12314.76,Hardin,OH
39067,2022,6712.99,Harrison,OH
39069,2022,14682.24,Henry,OH
39071,2022,19422.93,Highland,OH
39073,2022,12833.21,Hocking,OH
39075,2022,25395.42,Holmes,OH
39077,2022,28208.46,Huron,OH
39079,2022,13550.31,Jackson,OH
39081,2022,29901.79,Jefferson,OH
39083,2022,33155.51,Knox,OH
39085,2022,139045.43,Lake,OH
39087,2022,27393.69,Lawrence,OH
39089,2022,101585.28,Licking,OH
39091,2022,22762.9,Logan,OH
39093,2022,177266.6,Lorain,OH
39095,2022,232017.37,Lucas,OH
39097,2022,23383.16,Madison,OH
39099,2022,117039.03,Mahoning,OH
39101,2022,28184.46,Marion,OH
39103,2022,122411.04,Medina,OH
39105,2022,9315.45,Meigs,OH
39107,2022,26162.02,Mercer,OH
39109,2022,62536.5,Miami,OH
39111,2022,5652.49,Monroe,OH
39113,2022,294847.24,Montgomery,OH
39115,2022,5916.18,Morgan,OH
39117,2022,17397.35,Morrow,OH
39119,2022,43072.41,Muskingum,OH
39121,2022,4520.63,Noble,OH
39123,2022,25140.38,Ottawa,OH
39125,2022,9573.04,Paulding,OH
39127,2022,16622.54,Perry,OH
39129,2022,30352.74,Pickaway,OH
39131,2022,12494.76,Pike,OH
39133,2022,87501.57,Portage,OH
39135,2022,20132.0,Preble,OH
39137,2022,20577.72,Putnam,OH
39139,2022,57194.27,Richland,OH
39141,2022,34609.6,Ross,OH
39143,2022,29003.79,Sandusky,OH
39145,2022,33616.7,Scioto,OH
39147,2022,26358.61,Seneca,OH
39149,2022,25266.36,Shelby,OH
39151,2022,201832.67,Stark,OH
39153,2022,328275.37,Summit,OH
39155,2022,93872.27,Trumbull,OH
39157,2022,50042.45,Tuscarawas,OH
39159,2022,46386.32,Union,OH
39161,2022,14472.66,Van Wert,OH
39163,2022,5178.89,Vinton,OH
39165,2022,183612.93,Warren,OH
39167,2022,30313.11,Washington,OH
39169,2022,63020.91,Wayne,OH
39171,2022,18329.28,Williams,OH
39173,2022,75141.81,Wood,OH
39175,2022,12048.41,Wyandot,OH
40001,2022,8254.04,Adair,OK
40003,2022,2547.66,Alfalfa,OK
40005,2022,5080.74,Atoka,OK
40007,2022,3466.98,Beaver,OK
40009,2022,8637.87,Beckham,OK
40011,2022,4445.58,Blaine,OK
40013,2022,21257.94,Bryan,OK
40015,2022,11815.1,Caddo,OK
40017,2022,88843.96,Canadian,OK
40019,2022,24667.08,Carter,OK
40021,2022,19696.39,Cherokee,OK
40023,2022,5668.73,Choctaw,OK
40025,2022,1568.78,Cimarron,OK
40027,2022,155223.24,Cleveland,OK
40029,2022,2303.08,Coal,OK
40031,2022,59136.72,Comanche,OK
40033,2022,2842.84,Cotton,OK
40035,2022,6379.15,Craig,OK
40037,2022,35040.97,Creek,OK
40039,2022,13335.97,Custer,OK
40041,2022,18391.3,Delaware,OK
40043,2022,2298.2,Dewey,OK
40045,2022,2271.74,Ellis,OK
40047,2022,30580.21,Garfield,OK
40049,2022,12366.94,Garvin,OK
40051,2022,27263.27,Grady,OK
40053,2022,2346.63,Grant,OK
40055,2022,2025.12,Greer,OK
40057,2022,1379.72,Harmon,OK
40059,2022,1962.69,Harper,OK
40061,2022,5191.82,Haskell,OK
40063,2022,6214.51,Hughes,OK
40065,2022,12761.47,Jackson,OK
40067,2022,2331.17,Jefferson,OK
40069,2022,4719.82,Johnston,OK
40071,2022,21107.36,Kay,OK
40073,2022,10863.51,Kingfisher,OK
40075,2022,4044.82,Kiowa,OK
40077,2022,3820.51,Latimer,OK
40079,2022,20492.02,Le Flore,OK
40081,2022,15035.19,Lincoln,OK
40083,2022,25215.21,Logan,OK
40085,2022,4445.59,Love,OK
40087,2022,24943.04,McClain,OK
40089,2022,13720.79,McCurtain,OK
40091,2022,8158.1,McIntosh,OK
40093,2022,3606.46,Major,OK
40095,2022,7296.62,Marshall,OK
40097,2022,17854.6,Mayes,OK
40099,2022,6557.89,Murray,OK
40101,2022,30080.51,Muskogee,OK
40103,2022,5496.55,Noble,OK
40105,2022,4260.9,Nowata,OK
40107,2022,4237.31,Okfuskee,OK
40109,2022,571487.35,Oklahoma,OK
40111,2022,15853.03,Okmulgee,OK
40113,2022,19820.34,Osage,OK
40115,2022,13954.77,Ottawa,OK
40117,2022,6861.9,Pawnee,OK
40119,2022,37034.64,Payne,OK
40121,2022,18637.74,Pittsburg,OK
40123,2022,20359.04,Pontotoc,OK
40125,2022,34573.81,Pottawatomie,OK
40127,2022,4246.17,Pushmataha,OK
40129,2022,1651.7,Roger Mills,OK
40131,2022,52252.09,Rogers,OK
40133,2022,10007.13,Seminole,OK
40135,2022,17034.14,Sequoyah,OK
40137,2022,22073.05,Stephens,OK
40139,2022,11939.25,Texas,OK
40141,2022,2912.57,Tillman,OK
40143,2022,510467.31,Tulsa,OK
40145,2022,42426.7,Wagoner,OK
40147,2022,58646.19,Washington,OK
40149,2022,4487.68,Washita,OK
40151,2022,4321.22,Woods,OK
40153,2022,8299.81,Woodward,OK
41001,2022,8555.87,Baker,OR
41003,2022,54937.64,Benton,OR
41005,2022,320820.9,Clackamas,OR
41007,2022,23462.46,Clatsop,OR
41009,2022,29874.63,Columbia,OR
41011,2022,35983.06,Coos,OR
41013,2022,14285.25,Crook,OR
41015,2022,12445.15,Curry,OR
41017,2022,156869.86,Deschutes,OR
41019,2022,56296.25,Douglas,OR
41021,2022,1484.76,Gilliam,OR
41023,2022,3780.82,Grant,OR
41025,2022,3926.28,Harney,OR
41027,2022,16080.5,Hood River,OR
41029,2022,129830.7,Jackson,OR
41031,2022,11117.71,Jefferson,OR
41033,2022,45270.82,Josephine,OR
41035,2022,34151.03,Klamath,OR
41037,2022,4015.32,Lake,OR
41039,2022,221225.45,Lane,OR
41041,2022,28273.62,Lincoln,OR
41043,2022,70696.41,Linn,OR
41045,2022,12707.33,Malheur,OR
41047,2022,192292.02,Marion,OR
41049,2022,7299.69,Morrow,OR
41051,2022,570898.07,Multnomah,OR
41053,2022,46383.73,Polk,OR
41055,2022,1333.77,Sherman,OR
41057,2022,16026.95,Tillamook,OR
41059,2022,40544.49,Umatilla,OR
41061,2022,13163.06,Union,OR
41063,2022,4335.37,Wallowa,OR
41065,2022,14266.26,Wasco,OR
41067,2022,450841.75,Washington,OR
41069,2022,648.68,Wheeler,OR
41071,2022,63606.83,Yamhill,OR
42001,2022,59873.31,Adams,PA
42003,2022,879605.94,Allegheny,PA
42005,2022,36746.06,Armstrong,PA
42007,2022,91443.95,Beaver,PA
42009,2022,23835.19,Bedford,PA
42011,2022,253273.97,Berks,PA
42013,2022,66488.82,Blair,PA
42015,2022,29360.34,Bradford,PA
42017,2022,566236.69,Bucks,PA
42019,2022,135713.58,Butler,PA
42021,2022,63110.1,Cambria,PA
42023,2022,2268.69,Cameron,PA
42025,2022,38336.08,Carbon,PA
42027,2022,86259.23,Centre,PA
42029,2022,555804.36,Chester,PA
42031,2022,17751.65,Clarion,PA
42033,2022,42764.92,Clearfield,PA
42035,2022,17515.24,Clinton,PA
42037,2022,32646.81,Columbia,PA
42039,2022,40159.1,Crawford,PA
42041,2022,176389.7,Cumberland,PA
42043,2022,167704.14,Dauphin,PA
42045,2022,454534.1,Delaware,PA
42047,2022,15521.37,Elk,PA
42049,2022,138596.74,Erie,PA
42051,2022,61809.14,Fayette,PA
42053,2022,1877.71,Forest,PA
42055,2022,88067.65,Franklin,PA
42057,2022,6973.49,Fulton,PA
42059,2022,17485.35,Greene,PA
42061,2022,19675.83,Huntingdon,PA
42063,2022,38134.93,Indiana,PA
42065,2022,21222.76,Jefferson,PA
42067,2022,13989.17,Juniata,PA
42069,2022,117538.08,Lackawanna,PA
42071,2022,358239.23,Lancaster,PA
42073,2022,43315.28,Lawrence,PA
42075,2022,81958.24,Lebanon,PA
42077,2022,235306.65,Lehigh,PA
42079,2022,166365.05,Luzerne,PA
42081,2022,57579.42,Lycoming,PA
42083,2022,19505.9,McKean,PA
42085,2022,53072.87,Mercer,PA
42087,2022,21788.73,Mifflin,PA
42089,2022,87035.7,Monroe,PA
42091,2022,823839.72,Montgomery,PA
42093,2022,12113.58,Montour,PA
42095,2022,204061.98,Northampton,PA
42097,2022,43709.2,Northumberland,PA
42099,2022,25289.1,Perry,PA
42101,2022,921035.48,Philadelphia,PA
42103,2022,33947.24,Pike,PA
42105,2022,7520.67,Potter,PA
42107,2022,71383.93,Schuylkill,PA
42109,2022,21050.72,Snyder,PA
42111,2022,34272.32,Somerset,PA
42113,2022,3301.35,Sullivan,PA
42115,2022,22649.43,Susquehanna,PA
42117,2022,19169.67,Tioga,PA
42119,2022,21814.17,Union,PA
42121,2022,24478.21,Venango,PA
42123,2022,18669.25,Warren,PA
42125,2022,149602.01,Washington,PA
42127,2022,27775.09,Wayne,PA
42129,2022,212192.78,Westmoreland,PA
42131,2022,14253.47,Wyoming,PA
42133,2022,268815.6,York,PA
44001,2022,44129.76,Bristol,RI
44003,2022,116575.53,Kent,RI
44005,2022,71716.41,Newport,RI
44007,2022,369331.92,Providence,RI
44009,2022,102750.5,Washington,RI
45001,2022,10030.38,Abbeville,SC
45003,2022,90566.43,Aiken,SC
45005,2022,3230.6,Allendale,SC
45007,2022,101043.32,Anderson,SC
45009,2022,5443.27,Bamberg,SC
45011,2022,8283.06,Barnwell,SC
45013,2022,147688.05,Beaufort,SC
45015,2022,125951.21,Berkeley,SC
45017,2022,7096.39,Calhoun,SC
45019,2022,327878.74,Charleston,SC
45021,2022,22733.34,Cherokee,SC
45023,2022,13874.62,Chester,SC
45025,2022,17163.73,Chesterfield,SC
45027,2022,14267.92,Clarendon,SC
45029,2022,16842.87,Colleton,SC
45031,2022,30040.48,Darlington,SC
45033,2022,10875.51,Dillon,SC
45035,2022,82302.18,Dorchester,SC
45037,2022,13166.84,Edgefield,SC
45039,2022,10187.88,Fairfield,SC
45041,2022,71490.44,Florence,SC
45043,2022,38350.45,Georgetown,SC
45045,2022,316860.86,Greenville,SC
45047,2022,30718.69,Greenwood,SC
45049,2022,7582.52,Hampton,SC
45051,2022,185662.45,Horry,SC
45053,2022,14417.64,Jasper,SC
45055,2022,36366.38,Kershaw,SC
45057,2022,58074.32,Lancaster,SC
45059,2022,28899.72,Laurens,SC
45061,2022,6940.57,Lee,SC
45063,2022,174645.4,Lexington,SC
45065,2022,4586.67,McCormick,SC
45067,2022,11889.07,Marion,SC
45069,2022,9916.71,Marlboro,SC
45071,2022,18389.26,Newberry,SC
45073,2022,44048.53,Oconee,SC
45075,2022,35393.07,Orangeburg,SC
45077,2022,62916.02,Pickens,SC
45079,2022,226990.92,Richland,SC
45081,2022,8482.55,Saluda,SC
45083,2022,177676.15,Spartanburg,SC
45085,2022,49346.06,Sumter,SC
45087,2022,10473.1,Union,SC
45089,2022,11845.01,Williamsburg,SC
45091,2022,174853.27,York,SC
46003,2022,1684.05,Aurora,SD
46005,2022,11537.79,Beadle,SD
46007,2022,1685.89,Bennett,SD
46009,2022,4088.67,Bon Homme,SD
46011,2022,21027.38,Brookings,SD
46013,2022,28037.76,Brown,SD
46015,2022,3830.26,Brule,SD
46017,2022,699.12,Buffalo,SD
46019,2022,5173.43,Butte,SD
46021,2022,1151.13,Campbell,SD
46023,2022,5096.36,Charles Mix,SD
46025,2022,3498.7,Clark,SD
46027,2022,7454.68,Clay,SD
46029,2022,18493.86,Codington,SD
46031,2022,1618.68,Corson,SD
46033,2022,5767.37,Custer,SD
46035,2022,13116.77,Davison,SD
46037,2022,4023.82,Day,SD
46039,2022,3081.01,Deuel,SD
46041,2022,2852.62,Dewey,SD
46043,2022,2160.33,Douglas,SD
46045,2022,4143.08,Edmunds,SD
46047,2022,4064.54,Fall River,SD
46049,2022,2139.43,Faulk,SD
46051,2022,5310.92,Grant,SD
46053,2022,2455.23,Gregory,SD
46055,2022,1429.36,Haakon,SD
46057,2022,4201.07,Hamlin,SD
46059,2022,2761.09,Hand,SD
46061,2022,2892.29,Hanson,SD
46063,2022,696.45,Harding,SD
46065,2022,11366.3,Hughes,SD
46067,2022,5577.28,Hutchinson,SD
46069,2022,989.76,Hyde,SD
46071,2022,1281.23,Jackson,SD
46073,2022,1366.5,Jerauld,SD
46075,2022,677.07,Jones,SD
46077,2022,4008.63,Kingsbury,SD
46079,2022,9227.11,Lake,SD
46081,2022,19397.43,Lawrence,SD
46083,2022,59935.75,Lincoln,SD
46085,2022,2212.7,Lyman,SD
46087,2022,4279.91,McCook,SD
46089,2022,1967.46,McPherson,SD
46091,2022,3417.57,Marshall,SD
46093,2022,16785.67,Meade,SD
46095,2022,880.67,Mellette,SD
46097,2022,1785.09,Miner,SD
46099,2022,146895.06,Minnehaha,SD
46101,2022,4199.98,Moody,SD
46102,2022,4963.15,Oglala Lakota,SD
46103,2022,80048.72,Pennington,SD
46105,2022,1540.89,Perkins,SD
46107,2022,2030.48,Potter,SD
46109,2022,5692.77,Roberts,SD
46111,2022,1594.79,Sanborn,SD
46115,2022,5818.14,Spink,SD
46117,2022,2346.7,Stanley,SD
46119,2022,1513.37,Sully,SD
46121,2022,3373.08,Todd,SD
46123,2022,3721.89,Tripp,SD
46125,2022,6941.9,Turner,SD
46127,2022,22374.94,Union,SD
46129,2022,3397.6,Walworth,SD
46135,2022,15790.11,Yankton,SD
46137,2022,827.78,Ziebach,SD
47001,2022,42311.45,Anderson,TN
47003,2022,24636.25,Bedford,TN
47005,2022,6703.79,Benton,TN
47007,2022,5215.4,Bledsoe,TN
47009,2022,77332.16,Blount,TN
47011,2022,53130.06,Bradley,TN
47013,2022,17093.76,Campbell,TN
47015,2022,6914.17,Cannon,TN
47017,2022,12068.6,Carroll,TN
47019,2022,23081.28,Carter,TN
47021,2022,24071.79,Cheatham,TN
47023,2022,7213.62,Chester,TN
47025,2022,13839.6,Claiborne,TN
47027,2022,3164.01,Clay,TN
47029,2022,14979.49,Cocke,TN
47031,2022,28507.01,Coffee,TN
47033,2022,6687.49,Crockett,TN
47035,2022,28903.2,Cumberland,TN
47037,2022,619411.51,Davidson,TN
47039,2022,5675.45,Decatur,TN
47041,2022,10258.87,DeKalb,TN
47043,2022,29517.48,Dickson,TN
47045,2022,18586.65,Dyer,TN
47047,2022,33361.51,Fayette,TN
47049,2022,8083.9,Fentress,TN
47051,2022,21064.86,Franklin,TN
47053,2022,23812.06,Gibson,TN
47055,2022,13743.3,Giles,TN
47057,2022,10552.02,Grainger,TN
47059,2022,31169.31,Greene,TN
47061,2022,5372.32,Grundy,TN
47063,2022,31214.55,Hamblen,TN
47065,2022,233155.79,Hamilton,TN
47067,2022,2218.15,Hancock,TN
47069,2022,8948.98,Hardeman,TN
47071,2022,12235.08,Hardin,TN
47073,2022,24234.41,Hawkins,TN
47075,2022,6784.34,Haywood,TN
47077,2022,12847.12,Henderson,TN
47079,2022,17330.02,Henry,TN
47081,2022,11074.57,Hickman,TN
47083,2022,3243.9,Houston,TN
47085,2022,8498.31,Humphreys,TN
47087,2022,4600.1,Jackson,TN
47089,2022,25904.01,Jefferson,TN
47091,2022,7089.28,Johnson,TN
47093,2022,315231.09,Knox,TN
47095,2022,1961.41,Lake,TN
47097,2022,9833.62,Lauderdale,TN
47099,2022,18973.44,Lawrence,TN
47101,2022,5414.92,Lewis,TN
47103,2022,17785.57,Lincoln,TN
47105,2022,38975.56,Loudon,TN
47107,2022,24045.23,McMinn,TN
47109,2022,9988.39,McNairy,TN
47111,2022,10786.7,Macon,TN
47113,2022,51694.44,Madison,TN
47115,2022,14385.17,Marion,TN
47117,2022,17609.67,Marshall,TN
47119,2022,58587.89,Maury,TN
47121,2022,5393.44,Meigs,TN
47123,2022,20278.39,Monroe,TN
47125,2022,117469.51,Montgomery,TN
47127,2022,3279.47,Moore,TN
47129,2022,8165.73,Morgan,TN
47131,2022,14988.98,Obion,TN
47133,2022,9335.97,Overton,TN
47135,2022,3112.78,Perry,TN
47137,2022,2124.69,Pickett,TN
47139,2022,7422.0,Polk,TN
47141,2022,40358.99,Putnam,TN
47143,2022,14752.73,Rhea,TN
47145,2022,28043.7,Roane,TN
47147,2022,40697.85,Robertson,TN
47149,2022,187996.09,Rutherford,TN
47151,2022,8256.26,Scott,TN
47153,2022,7702.67,Sequatchie,TN
47155,2022,54003.01,Sevier,TN
47157,2022,541363.14,Shelby,TN
47159,2022,9816.37,Smith,TN
47161,2022,6794.66,Stewart,TN
47163,2022,83049.03,Sullivan,TN
47165,2022,132215.45,Sumner,TN
47167,2022,30934.92,Tipton,TN
47169,2022,4620.78,Trousdale,TN
47171,2022,7658.86,Unicoi,TN
47173,2022,8464.29,Union,TN
47175,2022,2259.64,Van Buren,TN
47177,2022,17935.37,Warren,TN
47179,2022,72096.37,Washington,TN
47181,2022,5949.4,Wayne,TN
47183,2022,15113.75,Weakley,TN
47185,2022,11650.72,White,TN
47187,2022,316599.24,Williamson,TN
47189,2022,102674.88,Wilson,TN
48001,2022,25468.93,Anderson,TX
48003,2022,9970.61,Andrews,TX
48005,2022,42033.76,Angelina,TX
48007,2022,15743.19,Aransas,TX
48009,2022,5715.6,Archer,TX
48011,2022,1247.37,Armstrong,TX
48013,2022,23564.09,Atascosa,TX
48015,2022,19004.94,Austin,TX
48017,2022,3537.11,Bailey,TX
48019,2022,12948.16,Bandera,TX
48021,2022,47667.4,Bastrop,TX
48023,2022,2255.47,Baylor,TX
48025,2022,10761.87,Bee,TX
48027,2022,190392.48,Bell,TX
48029,2022,1126049.09,Bexar,TX
48031,2022,9185.26,Blanco,TX
48033,2022,903.37,Borden,TX
48035,2022,10030.84,Bosque,TX
48037,2022,44250.91,Bowie,TX
48039,2022,218944.18,Brazoria,TX
48041,2022,114770.92,Brazos,TX
48043,2022,5081.86,Brewster,TX
48045,2022,1069.5,Briscoe,TX
48047,2022,2904.66,Brooks,TX
48049,2022,18004.67,Brown,TX
48051,2022,10796.03,Burleson,TX
48053,2022,33269.5,Burnet,TX
48055,2022,20341.6,Caldwell,TX
48057,2022,11243.91,Calhoun,TX
48059,2022,7307.94,Callahan,TX
48061,2022,156936.68,Cameron,TX
48063,2022,6231.51,Camp,TX
48065,2022,3217.69,Carson,TX
48067,2022,13320.97,Cass,TX
48069,2022,6950.56,Castro,TX
48071,2022,31176.86,Chambers,TX
48073,2022,22776.12,Cherokee,TX
48075,2022,3214.13,Childress,TX
48077,2022,5591.36,Clay,TX
48079,2022,1659.3,Cochran,TX
48081,2022,1738.89,Coke,TX
48083,2022,4580.17,Coleman,TX
48085,2022,951657.36,Collin,TX
48087,2022,1418.26,Collingsworth,TX
48089,2022,12305.26,Colorado,TX
48091,2022,132577.41,Comal,TX
48093,2022,7501.05,Comanche,TX
48095,2022,1447.47,Concho,TX
48097,2022,25556.02,Cooke,TX
48099,2022,31529.19,Coryell,TX
48101,2022,1293.63,Cottle,TX
48103,2022,2460.78,Crane,TX
48105,2022,1782.96,Crockett,TX
48107,2022,2791.92,Crosby,TX
48109,2022,1824.32,Culberson,TX
48111,2022,5066.85,Dallam,TX
48113,2022,1994519.85,Dallas,TX
48115,2022,6861.07,Dawson,TX
48117,2022,12261.81,Deaf Smith,TX
48119,2022,2538.65,Delta,TX
48121,2022,719013.22,Denton,TX
48123,2022,14790.75,DeWitt,TX
48125,2022,923.17,Dickens,TX
48127,2022,4352.31,Dimmit,TX
48129,2022,1584.16,Donley,TX
48131,2022,4758.33,Duval,TX
48133,2022,9593.25,Eastland,TX
48135,2022,89111.39,Ector,TX
48137,2022,1008.14,Edwards,TX
48139,2022,115619.15,Ellis,TX
48141,2022,382383.55,El Paso,TX
48143,2022,22073.54,Erath,TX
48145,2022,7406.72,Falls,TX
48147,2022,17237.44,Fannin,TX
48149,2022,17013.47,Fayette,TX
48151,2022,2353.19,Fisher,TX
48153,2022,2724.95,Floyd,TX
48155,2022,792.6,Foard,TX
48157,2022,611150.93,Fort Bend,TX
48159,2022,6023.22,Franklin,TX
48161,2022,8978.8,Freestone,TX
48163,2022,6976.98,Frio,TX
48165,2022,11867.68,Gaines,TX
48167,2022,217736.85,Galveston,TX
48169,2022,2132.06,Garza,TX
48171,2022,23812.84,Gillespie,TX
48173,2022,1505.01,Glasscock,TX
48175,2022,4193.15,Goliad,TX
48177,2022,12890.72,Gonzales,TX
48179,2022,10408.22,Gray,TX
48181,2022,76020.62,Grayson,TX
48183,2022,71933.04,Gregg,TX
48185,2022,13184.94,Grimes,TX
48187,2022,101014.84,Guadalupe,TX
48189,2022,14280.82,Hale,TX
48191,2022,1340.63,Hall,TX
48193,2022,5772.97,Hamilton,TX
48195,2022,4284.29,Hansford,TX
48197,2022,2111.87,Hardeman,TX
48199,2022,30570.35,Hardin,TX
48201,2022,3377728.01,Harris,TX
48203,2022,33508.19,Harrison,TX
48205,2022,4599.62,Hartley,TX
48207,2022,2888.19,Haskell,TX
48209,2022,162342.36,Hays,TX
48211,2022,2502.32,Hemphill,TX
48213,2022,42225.6,Henderson,TX
48215,2022,292784.72,Hidalgo,TX
48217,2022,18605.63,Hill,TX
48219,2022,11152.04,Hockley,TX
48221,2022,41451.5,Hood,TX
48223,2022,20320.51,Hopkins,TX
48225,2022,11063.6,Houston,TX
48227,2022,19433.99,Howard,TX
48229,2022,1242.39,Hudspeth,TX
48231,2022,51312.22,Hunt,TX
48233,2022,10040.42,Hutchinson,TX
48235,2022,1203.79,Irion,TX
48237,2022,4420.46,Jack,TX
48239,2022,7770.72,Jackson,TX
48241,2022,16358.43,Jasper,TX
48243,2022,1155.8,Jeff Davis,TX
48245,2022,119916.44,Jefferson,TX
48247,2022,1982.16,Jim Hogg,TX
48249,2022,18896.9,Jim Wells,TX
48251,2022,102419.36,Johnson,TX
48253,2022,8449.12,Jones,TX
48255,2022,11977.75,Karnes,TX
48257,2022,85445.32,Kaufman,TX
48259,2022,50360.97,Kendall,TX
48261,2022,131.33,Kenedy,TX
48263,2022,500.49,Kent,TX
48265,2022,34374.71,Kerr,TX
48267,2022,2409.66,Kimble,TX
48269,2022,308.74,King,TX
48271,2022,1293.76,Kinney,TX
48273,2022,13922.97,Kleberg,TX
48275,2022,1797.98,Knox,TX
48277,2022,25339.5,Lamar,TX
48279,2022,7988.19,Lamb,TX
48281,2022,13422.4,Lampasas,TX
48283,2022,3141.86,La Salle,TX
48285,2022,13779.59,Lavaca,TX
48287,2022,9869.14,Lee,TX
48289,2022,9458.75,Leon,TX
48291,2022,42483.89,Liberty,TX
48293,2022,10496.43,Limestone,TX
48295,2022,3762.07,Lipscomb,TX
48297,2022,5504.63,Live Oak,TX
48299,2022,15215.41,Llano,TX
48301,2022,76.79,Loving,TX
48303,2022,164094.2,Lubbock,TX
48305,2022,3973.49,Lynn,TX
48307,2022,3715.62,McCulloch,TX
48309,2022,135372.7,McLennan,TX
48311,2022,640.85,McMullen,TX
48313,2022,5812.4,Madison,TX
48315,2022,4739.4,Marion,TX
48317,2022,5535.95,Martin,TX
48319,2022,2245.18,Mason,TX
48321,2022,18043.71,Matagorda,TX
48323,2022,22067.45,Maverick,TX
48325,2022,26778.76,Medina,TX
48327,2022,937.64,Menard,TX
48329,2022,250286.8,Midland,TX
48331,2022,12126.52,Milam,TX
48333,2022,2450.31,Mills,TX
48335,2022,3577.43,Mitchell,TX
48337,2022,9913.1,Montague,TX
48339,2022,501961.1,Montgomery,TX
48341,2022,12427.39,Moore,TX
48343,2022,5860.05,Morris,TX
48345,2022,505.15,Motley,TX
48347,2022,31292.01,Nacogdoches,TX
48349,2022,24479.19,Navarro,TX
48351,2022,5157.03,Newton,TX
48353,2022,7683.8,Nolan,TX
48355,2022,189021.93,Nueces,TX
48357,2022,6315.78,Ochiltree,TX
48359,2022,1357.32,Oldham,TX
48361,2022,41789.4,Orange,TX
48363,2022,15190.65,Palo Pinto,TX
48365,2022,13091.25,Panola,TX
48367,2022,114535.72,Parker,TX
48369,2022,6968.75,Parmer,TX
48371,2022,6610.83,Pecos,TX
48373,2022,25103.85,Polk,TX
48375,2022,64449.09,Potter,TX
48377,2022,3593.83,Presidio,TX
48379,2022,5327.2,Rains,TX
48381,2022,82997.19,Randall,TX
48383,2022,2169.83,Reagan,TX
48385,2022,1619.7,Real,TX
48387,2022,6147.01,Red River,TX
48389,2022,7956.18,Reeves,TX
48391,2022,3770.85,Refugio,TX
48393,2022,482.3,Roberts,TX
48395,2022,9526.78,Robertson,TX
48397,2022,89445.59,Rockwall,TX
48399,2022,5489.54,Runnels,TX
48401,2022,23806.1,Rusk,TX
48403,2022,4538.03,Sabine,TX
48405,2022,4443.94,San Augustine,TX
48407,2022,12586.08,San Jacinto,TX
48409,2022,35233.83,San Patricio,TX
48411,2022,2584.18,San Saba,TX
48413,2022,1466.45,Schleicher,TX
48415,2022,8372.89,Scurry,TX
48417,2022,3809.13,Shackelford,TX
48419,2022,15644.3,Shelby,TX
48421,2022,3359.21,Sherman,TX
48423,2022,158495.15,Smith,TX
48425,2022,5696.61,Somervell,TX
48427,2022,20776.38,Starr,TX
48429,2022,4429.81,Stephens,TX
48431,2022,932.43,Sterling,TX
48433,2022,1156.25,Stonewall,TX
48435,2022,2217.45,Sutton,TX
48437,2022,5497.0,Swisher,TX
48439,2022,1368151.69,Tarrant,TX
48441,2022,80388.08,Taylor,TX
48443,2022,441.02,Terrell,TX
48445,2022,6116.32,Terry,TX
48447,2022,870.74,Throckmorton,TX
48449,2022,16034.12,Titus,TX
48451,2022,72398.25,Tom Green,TX
48453,2022,1154075.27,Travis,TX
48455,2022,6509.79,Trinity,TX
48457,2022,8578.88,Tyler,TX
48459,2022,18782.81,Upshur,TX
48461,2022,2502.38,Upton,TX
48463,2022,12895.91,Uvalde,TX
48465,2022,22580.58,Val Verde,TX
48467,2022,28790.62,Van Zandt,TX
48469,2022,50885.35,Victoria,TX
48471,2022,26876.25,Walker,TX
48473,2022,31780.88,Waller,TX
48475,2022,6613.65,Ward,TX
48477,2022,25313.78,Washington,TX
48479,2022,108851.49,Webb,TX
48481,2022,21882.56,Wharton,TX
48483,2022,2359.9,Wheeler,TX
48485,2022,68475.54,Wichita,TX
48487,2022,8001.91,Wilbarger,TX
48489,2022,6956.81,Willacy,TX
48491,2022,457161.69,Williamson,TX
48493,2022,29737.66,Wilson,TX
48495,2022,4907.86,Winkler,TX
48497,2022,41566.68,Wise,TX
48499,2022,22878.01,Wood,TX
48501,2022,4451.99,Yoakum,TX
48503,2022,11855.41,Young,TX
48505,2022,4527.09,Zapata,TX
48507,2022,4081.89,Zavala,TX
49001,2022,3290.8,Beaver,UT
49003,2022,29397.95,Box Elder,UT
49005,2022,68535.56,Cache,UT
49007,2022,9624.6,Carbon,UT
49009,2022,499.5,Daggett,UT
49011,2022,218874.24,Davis,UT
49013,2022,9678.9,Duchesne,UT
49015,2022,4125.85,Emery,UT
49017,2022,2730.47,Garfield,UT
49019,2022,7008.81,Grand,UT
49021,2022,25235.4,Iron,UT
49023,2022,6459.74,Juab,UT
49025,2022,4219.3,Kane,UT
49027,2022,6573.71,Millard,UT
49029,2022,8664.66,Morgan,UT
49031,2022,945.89,Piute,UT
49033,2022,1252.56,Rich,UT
49035,2022,804811.19,Salt Lake,UT
49037,2022,5268.23,San Juan,UT
49039,2022,12785.6,Sanpete,UT
49041,2022,9811.47,Sevier,UT
49043,2022,103805.34,Summit,UT
49045,2022,37507.35,Tooele,UT
49047,2022,14412.62,Uintah,UT
49049,2022,381804.6,Utah,UT
49051,2022,31618.95,Wasatch,UT
49053,2022,102127.43,Washington,UT
49055,2022,1389.0,Wayne,UT
49057,2022,142734.05,Weber,UT
50001,2022,23227.99,Addison,VT
50003,2022,22994.56,Bennington,VT
50005,2022,15707.44,Caledonia,VT
50007,2022,122109.36,Chittenden,VT
50009,2022,2766.88,Essex,VT
50011,2022,28370.63,Franklin,VT
50013,2022,5322.27,Grand Isle,VT
50015,2022,16742.62,Lamoille,VT
50017,2022,16782.29,Orange,VT
50019,2022,14712.54,Orleans,VT
50021,2022,35685.85,Rutland,VT
50023,2022,42058.57,Washington,VT
50025,2022,25771.32,Windham,VT
50027,2022,39464.13,Windsor,VT
51001,2022,18227.57,Accomack,VA
51007,2022,7263.63,Amelia,VA
51009,2022,14170.56,Amherst,VA
51011,2022,7683.78,Appomattox,VA
51013,2022,274041.55,Arlington,VA
51017,2022,2979.58,Bath,VA
51019,2022,44304.29,Bedford,VA
51021,2022,2688.46,Bland,VA
51023,2022,20436.81,Botetourt,VA
51025,2022,6668.66,Brunswick,VA
51027,2022,8811.86,Buchanan,VA
51029,2022,6769.67,Buckingham,VA
51033,2022,16495.01,Caroline,VA
51036,2022,3877.75,Charles City,VA
51037,2022,5305.84,Charlotte,VA
51041,2022,238124.67,Chesterfield,VA
51043,2022,11807.05,Clarke,VA
51045,2022,2323.11,Craig,VA
51047,2022,30954.58,Culpeper,VA
51049,2022,4602.95,Cumberland,VA
51051,2022,5764.94,Dickenson,VA
51057,2022,5637.8,Essex,VA
51061,2022,61184.64,Fauquier,VA
51063,2022,7713.98,Floyd,VA
51065,2022,15091.87,Fluvanna,VA
51067,2022,28994.17,Franklin,VA
51071,2022,8194.1,Giles,VA
51073,2022,22705.63,Gloucester,VA
51075,2022,30870.75,Goochland,VA
51077,2022,6041.63,Grayson,VA
51079,2022,11052.38,Greene,VA
51083,2022,15216.65,Halifax,VA
51085,2022,82107.31,Hanover,VA
51087,2022,246924.99,Henrico,VA
51091,2022,1197.91,Highland,VA
51093,2022,25817.75,Isle of Wight,VA
51097,2022,3764.99,King and Queen,VA
51099,2022,17507.69,King George,VA
51101,2022,10170.43,King William,VA
51103,2022,8266.72,Lancaster,VA
51105,2022,8675.15,Lee,VA
51107,2022,417090.39,Loudoun,VA
51109,2022,20537.11,Louisa,VA
51111,2022,4730.59,Lunenburg,VA
51113,2022,8032.53,Madison,VA
51115,2022,5773.27,Mathews,VA
51117,2022,14224.92,Mecklenburg,VA
51119,2022,6803.0,Middlesex,VA
51125,2022,9374.12,Nelson,VA
51127,2022,28793.65,New Kent,VA
51131,2022,7839.39,Northampton,VA
51133,2022,7434.31,Northumberland,VA
51135,2022,7044.42,Nottoway,VA
51137,2022,22767.65,Orange,VA
51139,2022,11677.78,Page,VA
51141,2022,7172.18,Patrick,VA
51145,2022,21532.78,Powhatan,VA
51147,2022,8768.31,Prince Edward,VA
51155,2022,16370.22,Pulaski,VA
51157,2022,6245.8,Rappahannock,VA
51159,2022,3920.48,Richmond,VA
51167,2022,10588.91,Russell,VA
51169,2022,8938.51,Scott,VA
51171,2022,24994.44,Shenandoah,VA
51173,2022,13327.89,Smyth,VA
51179,2022,104701.49,Stafford,VA
51181,2022,3485.02,Surry,VA
51183,2022,4073.51,Sussex,VA
51185,2022,17983.62,Tazewell,VA
51187,2022,23268.86,Warren,VA
51193,2022,9587.32,Westmoreland,VA
51197,2022,12687.9,Wythe,VA
51510,2022,168815.47,Alexandria (Independent City),VA
51550,2022,148548.45,Chesapeake (Independent City),VA
51650,2022,67728.77,Hampton (Independent City),VA
51700,2022,88197.18,Newport News (Independent City),VA
51710,2022,111880.36,Norfolk (Independent City),VA
51740,2022,44971.44,Portsmouth (Independent City),VA
51760,2022,165550.11,Richmond (Independent City),VA
51770,2022,51496.6,Roanoke (Independent City),VA
51800,2022,60638.01,Suffolk (Independent City),VA
51810,2022,308335.45,Virginia Beach (Independent City),VA
51901,2022,152686.38,Albemarle + Charlottesville,VA
51903,2022,9467.39,Alleghany + Covington,VA
51907,2022,68095.59,Augusta,VA
51911,2022,62010.19,Campbell + Lynchburg,VA
51913,2022,16293.06,Carroll + Galax,VA
51918,2022,37631.64,Dinwiddie,VA
51919,2022,1211672.2,Fairfax,VA
51921,2022,75377.47,Frederick + Winchester,VA
51923,2022,6706.38,Greensville + Emporia,VA
51929,2022,30114.34,Henry + Martinsville,VA
51931,2022,73321.89,James City + Williamsburg,VA
51933,2022,53319.42,Montgomery + Radford,VA
51939,2022,46674.77,Pittsylvania + Danville,VA
51941,2022,26712.0,Prince George + Hopewell,VA
51942,2022,353728.86,Prince William,VA
51944,2022,73016.9,Roanoke + Salem,VA
51945,2022,17551.08,Rockbridge,VA
51947,2022,69926.05,Rockingham + Harrisonburg,VA
51949,2022,13255.77,Southampton + Franklin,VA
51951,2022,108113.53,Spotsylvania + Fredericksburg,VA
51953,2022,34280.35,Washington + Bristol,VA
51955,2022,16402.34,Wise + Norton,VA
51958,2022,57236.25,York + Poquoson,VA
53001,2022,10744.39,Adams,WA
53003,2022,12225.71,Asotin,WA
53005,2022,115437.72,Benton,WA
53007,2022,51325.24,Chelan,WA
53009,2022,43414.88,Clallam,WA
53011,2022,338391.46,Clark,WA
53013,2022,2426.35,Columbia,WA
53015,2022,61898.51,Cowlitz,WA
53017,2022,21975.0,Douglas,WA
53019,2022,3345.66,Ferry,WA
53021,2022,45941.04,Franklin,WA
53023,2022,1405.24,Garfield,WA
53025,2022,49908.87,Grant,WA
53027,2022,36388.04,Grays Harbor,WA
53029,2022,56521.79,Island,WA
53031,2022,21319.73,Jefferson,WA
53033,2022,2566976.54,King,WA
53035,2022,189993.83,Kitsap,WA
53037,2022,25303.69,Kittitas,WA
53039,2022,12756.62,Klickitat,WA
53041,2022,48313.42,Lewis,WA
53043,2022,5976.81,Lincoln,WA
53045,2022,34615.24,Mason,WA
53047,2022,21725.71,Okanogan,WA
53049,2022,11380.11,Pacific,WA
53051,2022,7019.37,Pend Oreille,WA
53053,2022,565680.77,Pierce,WA
53055,2022,15992.07,San Juan,WA
53057,2022,82652.08,Skagit,WA
53059,2022,7842.93,Skamania,WA
53061,2022,588746.68,Snohomish,WA
53063,2022,304596.84,Spokane,WA
53065,2022,22580.48,Stevens,WA
53067,2022,183052.98,Thurston,WA
53069,2022,2374.05,Wahkiakum,WA
53071,2022,33933.62,Walla Walla,WA
53073,2022,136443.3,Whatcom,WA
53075,2022,22459.31,Whitman,WA
53077,2022,127687.09,Yakima,WA
54001,2022,6354.85,Barbour,WV
54003,2022,66982.65,Berkeley,WV
54005,2022,8741.98,Boone,WV
54007,2022,4918.59,Braxton,WV
54009,2022,11073.9,Brooke,WV
54011,2022,47165.55,Cabell,WV
54013,2022,2520.58,Calhoun,WV
54015,2022,3069.4,Clay,WV
54017,2022,3037.19,Doddridge,WV
54019,2022,17669.02,Fayette,WV
54021,2022,2678.22,Gilmer,WV
54023,2022,5238.92,Grant,WV
54025,2022,15363.04,Greenbrier,WV
54027,2022,10598.43,Hampshire,WV
54029,2022,14529.12,Hancock,WV
54031,2022,6458.22,Hardy,WV
54033,2022,38812.0,Harrison,WV
54035,2022,12776.07,Jackson,WV
54037,2022,37202.15,Jefferson,WV
54039,2022,101768.38,Kanawha,WV
54041,2022,7385.36,Lewis,WV
54043,2022,7331.11,Lincoln,WV
54045,2022,13986.94,Logan,WV
54047,2022,6101.02,McDowell,WV
54049,2022,27886.15,Marion,WV
54051,2022,14882.62,Marshall,WV
54053,2022,10442.84,Mason,WV
54055,2022,26542.88,Mercer,WV
54057,2022,12843.95,Mineral,WV
54059,2022,8279.32,Mingo,WV
54061,2022,59374.94,Monongalia,WV
54063,2022,4982.39,Monroe,WV
54065,2022,7618.28,Morgan,WV
54067,2022,9880.02,Nicholas,WV
54069,2022,26548.56,Ohio,WV
54071,2022,3332.13,Pendleton,WV
54073,2022,3829.15,Pleasants,WV
54075,2022,4004.84,Pocahontas,WV
54077,2022,14480.93,Preston,WV
54079,2022,31065.79,Putnam,WV
54081,2022,35722.55,Raleigh,WV
54083,2022,12602.01,Randolph,WV
54085,2022,4535.52,Ritchie,WV
54087,2022,5454.34,Roane,WV
54089,2022,5118.89,Summers,WV
54091,2022,8147.0,Taylor,WV
54093,2022,3637.79,Tucker,WV
54095,2022,4915.03,Tyler,WV
54097,2022,9964.01,Upshur,WV
54099,2022,16039.07,Wayne,WV
54101,2022,2673.4,Webster,WV
54103,2022,6525.86,Wetzel,WV
54105,2022,2102.03,Wirt,WV
54107,2022,46831.77,Wood,WV
54109,2022,7362.29,Wyoming,WV
55001,2022,9454.86,Adams,WI
55003,2022,7635.99,Ashland,WI
55005,2022,27427.83,Barron,WI
55007,2022,8746.98,Bayfield,WI
55009,2022,167881.61,Brown,WI
55011,2022,7544.09,Buffalo,WI
55013,2022,8331.32,Burnett,WI
55015,2022,31379.32,Calumet,WI
55017,2022,36757.33,Chippewa,WI
55019,2022,17474.08,Clark,WI
55021,2022,37171.74,Columbia,WI
55023,2022,7985.82,Crawford,WI
55025,2022,419445.05,Dane,WI
55027,2022,47024.02,Dodge,WI
55029,2022,22273.34,Door,WI
55031,2022,22336.18,Douglas,WI
55033,2022,22504.6,Dunn,WI
55035,2022,62186.32,Eau Claire,WI
55037,2022,2897.25,Florence,WI
55039,2022,60395.83,Fond du Lac,WI
55041,2022,4324.18,Forest,WI
55043,2022,26709.41,Grant,WI
55045,2022,23141.15,Green,WI
55047,2022,9866.27,Green Lake,WI
55049,2022,14070.56,Iowa,WI
55051,2022,3330.29,Iron,WI
55053,2022,10621.46,Jackson,WI
55055,2022,47751.21,Jefferson,WI
55057,2022,12519.57,Juneau,WI
55059,2022,97036.01,Kenosha,WI
55061,2022,12008.14,Kewaunee,WI
55063,2022,71463.71,La Crosse,WI
55065,2022,8932.62,Lafayette,WI
55067,2022,10019.62,Langlade,WI
55069,2022,15356.7,Lincoln,WI
55071,2022,44716.12,Manitowoc,WI
55073,2022,83220.47,Marathon,WI
55075,2022,21772.69,Marinette,WI
55077,2022,7749.55,Marquette,WI
55078,2022,1748.82,Menominee,WI
55079,2022,529576.39,Milwaukee,WI
55081,2022,23398.71,Monroe,WI
55083,2022,21267.83,Oconto,WI
55085,2022,22036.76,Oneida,WI
55087,2022,118809.38,Outagamie,WI
55089,2022,91653.13,Ozaukee,WI
55091,2022,4569.33,Pepin,WI
55093,2022,24863.24,Pierce,WI
55095,2022,25068.2,Polk,WI
55097,2022,38883.68,Portage,WI
55099,2022,7409.41,Price,WI
55101,2022,116983.51,Racine,WI
55103,2022,8902.74,Richland,WI
55105,2022,88190.33,Rock,WI
55107,2022,7649.74,Rusk,WI
55109,2022,64557.44,St. Croix,WI
55111,2022,41330.38,Sauk,WI
55113,2022,9584.87,Sawyer,WI
55115,2022,20945.12,Shawano,WI
55117,2022,71197.48,Sheboygan,WI
55119,2022,9944.25,Taylor,WI
55121,2022,15945.73,Trempealeau,WI
55123,2022,15534.17,Vernon,WI
55125,2022,14653.37,Vilas,WI
55127,2022,67777.63,Walworth,WI
55129,2022,9363.57,Washburn,WI
55131,2022,95560.94,Washington,WI
55133,2022,354879.9,Waukesha,WI
55135,2022,27872.44,Waupaca,WI
55137,2022,11721.32,Waushara,WI
55139,2022,98154.37,Winnebago,WI
55141,2022,40157.03,Wood,WI
55901,2022,0.0,Shawano (includes Menominee),WI
56001,2022,19320.58,Albany,WY
56003,2022,5752.43,Big Horn,WY
56005,2022,27760.46,Campbell,WY
56007,2022,9953.34,Carbon,WY
56009,2022,9318.8,Converse,WY
56011,2022,4510.21,Crook,WY
56013,2022,21197.04,Fremont,WY
56015,2022,6464.67,Goshen,WY
56017,2022,3636.48,Hot Springs,WY
56019,2022,5758.33,Johnson,WY
56021,2022,61349.66,Laramie,WY
56023,2022,14020.66,Lincoln,WY
56025,2022,59673.98,Natrona,WY
56027,2022,1332.5,Niobrara,WY
56029,2022,21866.53,Park,WY
56031,2022,4851.44,Platte,WY
56033,2022,22215.55,Sheridan,WY
56035,2022,5856.46,Sublette,WY
56037,2022,24871.85,Sweetwater,WY
56039,2022,97537.41,Teton,WY
56041,2022,9617.53,Uinta,WY
56043,2022,4229.05,Washakie,WY
56045,2022,3503.78,Weston,WY
